[18:14:08] [main/INFO]: Loading Minecraft 1.21.1 with Fabric Loader 0.17.3
[18:14:08] [ForkJoinPool-1-worker-1/WARN]: Mod getittogetherdrops uses the version fabric-1.21-1.3.1 which isn't compatible with Loader's extended semantic version format (Could not parse version number component 'fabric'!), SemVer is recommended for reliably evaluating dependencies and prioritizing newer version
[18:14:08] [ForkJoinPool-1-worker-1/WARN]: The mod "dungeons_arise" contains invalid entries in its mod json:
- Unsupported root entry "credits" at line 12 column 11
[18:14:08] [ForkJoinPool-1-worker-4/WARN]: The mod "accessories_compat_layer" contains invalid entries in its mod json:
- Unsupported root entry "#COMMENT_breaks" at line 53 column 20
[18:14:08] [ForkJoinPool-1-worker-1/WARN]: Mod cpm uses the version 0.6.25a which isn't compatible with Loader's extended semantic version format (Could not parse version number component '25a'!), SemVer is recommended for reliably evaluating dependencies and prioritizing newer version
[18:14:08] [main/INFO]: Loading 281 mods:
	- accessories 1.1.0-beta.52+1.21.1
	- accessories_compat_layer 0.1.10
	   \-- mixinsquared 0.3.4
	- adventuredungeons 1.3.1
	- aether 1.5.11
	   |-- cumulus_menus 2.0.7
	   |-- mm_shedaniel 2.4.1
	   \-- nitrogen_internals 1.1.21
	- aether_villages 1.0.8
	- another_furniture 4.0.1
	- archers 2.6.8+1.21.1
	- archers_expansion 1.4.2+1.21.1
	- architectury 13.0.8
	- armordamagescale 1.21-3.1
	   \-- com_ezylang_evalex 3.0.1
	- armory_rpgs 1.2.9+1.21.1
	- arsenal 1.3.2+1.21.1
	- attributefix 21.1.3
	- awesomedungeon 3.2.0
	- awesomedungeonocean 3.3.0
	- azurelibarmor 3.1.1
	- balm 21.0.53
	   \-- kuma_api 21.0.7
	- berserker_rpg 2.5.2+1.21.1
	- bettercaves 1.21.1-Fabric-3.1.4
	   \-- org_reflections_reflections 0.10.2
	- bettercombat 2.2.5+1.21.1
	- betterdeserttemples 1.21.1-Fabric-4.1.5
	   \-- org_reflections_reflections 0.10.2
	- betterdungeons 1.21.1-Fabric-5.1.4
	   \-- org_reflections_reflections 0.10.2
	- betterendisland 1.21.1-Fabric-3.1.2
	   \-- org_reflections_reflections 0.10.2
	- betterfortresses 1.21.1-Fabric-3.1.5
	   \-- org_reflections_reflections 0.10.2
	- betterjungletemples 1.21.1-Fabric-3.1.2
	   \-- org_reflections_reflections 0.10.2
	- bettermineshafts 1.21.1-Fabric-5.1.1
	   \-- org_reflections_reflections 0.10.2
	- betteroceanmonuments 1.21.1-Fabric-4.1.2
	   \-- org_reflections_reflections 0.10.2
	- betterwitchhuts 1.21.1-Fabric-4.1.1
	   \-- org_reflections_reflections 0.10.2
	- bookshelf 21.1.78
	- bosses_of_mass_destruction 1.10.2-1.21.1
	   \-- multipart_entities 1.7-1.21
	- bridgingmod 2.6.2+1.21.1
	- brutalbosses 1.21-8.4
	- bundleapi 1.1.0
	- cardinal-components 6.1.2
	   |-- cardinal-components-base 6.1.2
	   |-- cardinal-components-block 6.1.2
	   |-- cardinal-components-chunk 6.1.2
	   |-- cardinal-components-entity 6.1.2
	   |-- cardinal-components-item 6.1.2
	   |-- cardinal-components-level 6.1.2
	   |-- cardinal-components-scoreboard 6.1.2
	   \-- cardinal-components-world 6.1.2
	- carryon 2.2.2
	- chunkactivitytracker 1.0.1
	- clientsort 2.1.2+1.21.1
	- cloth-config 15.0.140
	   \-- cloth-basic-math 0.6.1
	- clumps 19.0.0.1
	- collective 8.13
	- combat_roll 2.0.5+1.21.1
	- connectivity 1.21-7.2
	- cpm 0.6.25a
	- creeperoverhaul 4.0.6
	   \-- com_teamresourceful_resourceful-cosmetics-4j 1.0.3
	- cristellib 3.0.2
	   \-- blue_endless_jankson 1.2.3
	- cupboard 1.21-2.9
	- darkbosses 1.0.5
	- deeper_oceans 2.0.0
	- does_it_tick 1.1.4
	- dungeon_difficulty 3.6.7+1.21.1
	- dungeons_arise 2.1.68
	- dungeons_arise_seven_seas 1.0.4
	- easyanvils 21.1.0
	- ecologics 2.3.1
	- eldritch_mobs 1.16.4
	   |-- polymer-blocks 0.9.9+1.21
	   |-- polymer-core 0.9.9+1.21
	   |    |-- polymer-networking 0.9.9+1.21
	   |    |    \-- polymer-common 0.9.9+1.21
	   |    |         \-- packet_tweaker 0.5.5+1.21
	   |    \-- polymer-registry-sync-manipulator 0.9.9+1.21
	   \-- server_translations_api 2.3.1+1.21-pre2
	- elemental_wizards_rpg 2.5.1+1.21.1
	- entityculling 1.9.3
	   |-- transition 1.0.8
	   \-- trender 1.0.8
	- explorify 1.6.4
	- fabric-api 0.116.7+1.21.1
	   |-- fabric-api-base 0.4.42+6573ed8c19
	   |-- fabric-api-lookup-api-v1 1.6.71+b559734419
	   |-- fabric-biome-api-v1 13.0.31+d527f9fd19
	   |-- fabric-block-api-v1 1.1.0+0bc3503219
	   |-- fabric-block-view-api-v2 1.0.11+ebb2264e19
	   |-- fabric-blockrenderlayer-v1 1.1.52+0af3f5a719
	   |-- fabric-client-tags-api-v1 1.1.15+6573ed8c19
	   |-- fabric-command-api-v1 1.2.49+f71b366f19
	   |-- fabric-command-api-v2 2.2.28+6ced4dd919
	   |-- fabric-commands-v0 0.2.66+df3654b319
	   |-- fabric-content-registries-v0 8.0.19+b559734419
	   |-- fabric-convention-tags-v1 2.1.5+7f945d5b19
	   |-- fabric-convention-tags-v2 2.11.1+a406e79519
	   |-- fabric-crash-report-info-v1 0.2.29+0af3f5a719
	   |-- fabric-data-attachment-api-v1 1.4.5+6116a37819
	   |-- fabric-data-generation-api-v1 20.2.34+37516cd619
	   |-- fabric-dimensions-v1 4.0.1+65213ef819
	   |-- fabric-entity-events-v1 1.8.0+2b27e0a419
	   |-- fabric-events-interaction-v0 0.7.13+ba9dae0619
	   |-- fabric-game-rule-api-v1 1.0.53+6ced4dd919
	   |-- fabric-item-api-v1 11.2.0+3b3cb2e819
	   |-- fabric-item-group-api-v1 4.1.7+def88e3a19
	   |-- fabric-key-binding-api-v1 1.0.47+0af3f5a719
	   |-- fabric-keybindings-v0 0.2.45+df3654b319
	   |-- fabric-lifecycle-events-v1 2.6.0+0865547519
	   |-- fabric-loot-api-v2 3.0.15+3f89f5a519
	   |-- fabric-loot-api-v3 1.0.3+3f89f5a519
	   |-- fabric-message-api-v1 6.0.14+8aaf3aca19
	   |-- fabric-model-loading-api-v1 2.1.0+b4d813fc19
	   |-- fabric-networking-api-v1 4.3.0+c7469b2119
	   |-- fabric-object-builder-api-v1 15.2.1+40875a9319
	   |-- fabric-particles-v1 4.0.2+6573ed8c19
	   |-- fabric-recipe-api-v1 5.0.15+2475392c19
	   |-- fabric-registry-sync-v0 5.3.1+e3eddc2119
	   |-- fabric-renderer-api-v1 3.4.1+b4d813fc19
	   |-- fabric-renderer-indigo 1.7.1+c705a49c19
	   |-- fabric-renderer-registries-v1 3.2.69+df3654b319
	   |-- fabric-rendering-data-attachment-v1 0.3.49+73761d2e19
	   |-- fabric-rendering-fluids-v1 3.1.6+1daea21519
	   |-- fabric-rendering-v0 1.1.72+df3654b319
	   |-- fabric-rendering-v1 5.1.0+ab4c25a019
	   |-- fabric-resource-conditions-api-v1 4.3.0+8dc279b119
	   |-- fabric-resource-loader-v0 1.3.1+5b5275af19
	   |-- fabric-screen-api-v1 2.0.25+8b68f1c719
	   |-- fabric-screen-handler-api-v1 1.3.90+b559734419
	   |-- fabric-sound-api-v1 1.0.23+6573ed8c19
	   |-- fabric-transfer-api-v1 5.4.3+c24bd99419
	   \-- fabric-transitive-access-wideners-v1 6.2.0+45b9699719
	- fabric-language-kotlin 1.13.7+kotlin.2.2.21
	   |-- org_jetbrains_kotlin_kotlin-reflect 2.2.21
	   |-- org_jetbrains_kotlin_kotlin-stdlib 2.2.21
	   |-- org_jetbrains_kotlin_kotlin-stdlib-jdk7 2.2.21
	   |-- org_jetbrains_kotlin_kotlin-stdlib-jdk8 2.2.21
	   |-- org_jetbrains_kotlinx_atomicfu-jvm 0.29.0
	   |-- org_jetbrains_kotlinx_kotlinx-coroutines-core-jvm 1.10.2
	   |-- org_jetbrains_kotlinx_kotlinx-coroutines-jdk8 1.10.2
	   |-- org_jetbrains_kotlinx_kotlinx-datetime-jvm 0.7.1
	   |-- org_jetbrains_kotlinx_kotlinx-io-bytestring-jvm 0.8.0
	   |-- org_jetbrains_kotlinx_kotlinx-io-core-jvm 0.8.0
	   |-- org_jetbrains_kotlinx_kotlinx-serialization-cbor-jvm 1.9.0
	   |-- org_jetbrains_kotlinx_kotlinx-serialization-core-jvm 1.9.0
	   \-- org_jetbrains_kotlinx_kotlinx-serialization-json-jvm 1.9.0
	- fabricloader 0.17.3
	   \-- mixinextras 0.5.0
	- fastasyncworldsave 1.21-2.6
	- fastitemframes 21.1.6
	- fixmyspawnr 3.0.0
	- forcemaster_rpg 2.5.1+1.21.1
	- forgeconfigapiport 21.1.5
	- formidulus 0.1.2-beta
	   |-- mm 2.3
	   \-- yayconfig 1.0.3
	- ftbessentials 2101.1.8
	- ftblibrary 2101.1.26
	- fzzy_config 0.7.3+1.21
	   |-- blue_endless_jankson 1.2.3
	   |-- fabric-permissions-api-v0 0.3.1
	   \-- net_peanuuutz_tomlkt_tomlkt-jvm 0.3.7
	- gazebo 2.1.0+1.21.1
	- geckolib 4.8.2
	- geophilic 3.4.4
	- getittogetherdrops fabric-1.21-1.3.1
	- globalxp 1.12.2
	- gpumemleakfix 1.21-1.8
	- handcrafted 4.0.3
	- healingcampfire 6.2
	- hopobetterunderwaterruins 1.2.1
	- iceberg 1.3.2
	- immersivelanterns 1.0.6
	- infinitetrading 4.6
	- item_obliterator 3.1.1
	- jade 15.10.2+fabric
	- jamlib 1.3.5+1.21.1
	   \-- blue_endless_jankson 1.2.3
	- java 21
	- jei 19.21.2.313
	- jewelry 2.3.1+1.21.1
	- konkrete 1.9.9
	- krypton 0.2.8
	   \-- com_velocitypowered_velocity-native 3.3.0-SNAPSHOT
	- libraryferret 4.0.0
	- lithostitched 1.5.0
	- lne_archers 1.0.8+1.21.1
	- lne_paladins 1.0.7+1.21.1
	- lne_rogues 1.0.3-1.21.1
	   \-- com_github_zsoltmolnarrr_tinyconfig 2.3.2
	- lne_wizards 1.0.7+1.21.1
	- loot_n_explore 1.0.16-1.21.1
	- lootintegrations 1.21-4.7
	- lootintegrations_yungs 1.4
	- mcwpaintings 1.0.5
	- medievalend 1.0.4
	- midnightlib 1.7.5
	- minecraft 1.21.1
	- moogs_structures 1.0.1-1.21-1.21.1-fabric
	- moonlight 1.21-2.26.3
	- more_relics 1.1.0+1.21.1
	- more_rpg_classes 2.5.4+1.21.1
	- mr_dungeons_andtaverns 1-v4.4.4
	- mr_dungeons_andtavernsancientcityoverhaul 1-v2
	- mr_dungeons_andtavernsendcastlestandalone 1-v1.1
	- mr_dungeons_andtavernspillageroutpostoverhaul 1-v2.2
	- mr_dungeons_andtavernsstrongholdoverhaul 1-v2.1.f
	- mr_dungeons_andtavernswoodlandmansionreplacement 1-v1.2
	- mrpgc_skill_tree 1.0.4+1.21.1
	- mss 2.0.0
	- mvs 5.0.1
	- necronomicon 1.6.0
	- no-shield-delay 1.0.1
	   |-- com_electronwill_night-config_core 3.8.1
	   \-- com_electronwill_night-config_toml 3.8.1
	- observable 5.4.4
	- octolib 0.6.0.4
	   \-- org_yaml_snakeyaml 2.2
	- owo 0.12.15.4+1.21
	   |-- io_wispforest_endec 0.1.5.1
	   |-- io_wispforest_endec_gson 0.1.3.1
	   |-- io_wispforest_endec_jankson 0.1.3.1
	   \-- io_wispforest_endec_netty 0.1.2
	- paladins 2.6.3+1.21.1
	- pingwheel 1.12.0
	- platform 1.2.10.2
	- playeranimator 2.0.1+1.21.1
	- polymorph 1.1.0+1.21.1
	- prickle 21.1.11
	- puffish_skills 0.16.8
	- puzzleslib 21.1.39
	- ranged_weapon_api 2.3.2+1.21.1
	- recipeessentials 1.21-4.1
	- relics_rpgs 1.2.1+1.21.1
	- resourcefulconfig 3.0.11
	- resourcefullib 3.0.12
	   |-- com_teamresourceful_bytecodecs 1.1.2
	   \-- com_teamresourceful_yabn 1.0.3
	- rightclickharvest 4.6.0+1.21.1
	- rogues 2.6.4+1.21.1
	- runes 1.2.0+1.21.1
	- servercore 1.5.5+1.21.1
	   |-- fabric-permissions-api-v0 0.3.1
	   |-- org_yaml_snakeyaml 2.2
	   |-- placeholder-api 2.4.1+1.21
	   |-- space_arim_dazzleconf_dazzleconf-core 1.3.0-M2
	   \-- space_arim_dazzleconf_dazzleconf-ext-snakeyaml 1.3.0-M2
	- shield_api 2.2.0
	- skill_tree_rpgs 1.2.2+1.21.1
	- smallships 2.0.0-b2.1
	- smoothchunk 1.21-4.1
	- sound_physics_remastered 1.21.1-1.5.1
	- spell_engine 1.8.12+1.21.1
	   \-- tiny_config 3.1.0
	- spell_power 1.4.4+1.21.1
	   \-- tiny_config 3.1.0
	- structure_pool_api 1.2.1+1.21.1
	- supermartijn642corelib 1.1.18+a
	- supplementaries 1.21-3.4.20
	- t_and_t 1.13.7
	- terrablender 4.1.0.8
	- terralith 2.5.8
	- the_bumblezone 7.11.4+1.21.1-fabric
	   \-- athena 4.0.0
	- tinyskeletons 21.1.0
	- toofast 1.3.0
	- trade_cycling 1.21.1-1.0.18
	   |-- fabric-key-binding-api-v1 1.0.47+0af3f5a76a
	   \-- fabric-screen-api-v1 2.0.24+b55973446a
	- trashslot 21.1.4
	- travelersbackpack 10.1.27
	- treeharvester 9.1
	- trinkets 3.10.0
	- txnilib 1.0.24
	- u_sea 1.2.4
	- village_taverns 1.1.5+1.21.1
	   \-- tiny_config 3.1.0
	- waystones 21.1.23
	- weaponmaster_ydm 4.4.1
	- witcher_rpg 2.6.2+1.21.1
	- wizards 2.6.4+1.21.1
	- yet_another_config_lib_v3 3.7.1+1.21.1-fabric
	   |-- com_twelvemonkeys_common_common-image 3.12.0
	   |-- com_twelvemonkeys_common_common-io 3.12.0
	   |-- com_twelvemonkeys_common_common-lang 3.12.0
	   |-- com_twelvemonkeys_imageio_imageio-core 3.12.0
	   |-- com_twelvemonkeys_imageio_imageio-metadata 3.12.0
	   |-- com_twelvemonkeys_imageio_imageio-webp 3.12.0
	   |-- org_quiltmc_parsers_gson 0.2.1
	   \-- org_quiltmc_parsers_json 0.2.1
	- yigd 2.4.18
	   |-- fabric-permissions-api-v0 0.3.1
	   \-- libgui 11.1.0+1.21
	        |-- jankson 8.0.0+j1.2.3
	        |    \-- blue_endless_jankson 1.2.3
	        \-- libninepatch 1.2.0
	- yungsapi 1.21.1-Fabric-5.1.6
	   |-- org_javassist_javassist 3.29.2-GA
	   \-- org_reflections_reflections 0.10.2
	- yungsbridges 1.21.1-Fabric-5.1.1
	   \-- org_reflections_reflections 0.10.2
	- yungscavebiomes 1.21.1-Fabric-3.1.1
	   \-- org_reflections_reflections 0.10.2
	- yungsextras 1.21.1-Fabric-5.1.1
	   \-- org_reflections_reflections 0.10.2
[18:14:09] [main/INFO]: SpongePowered MIXIN Subsystem Version=0.8.7 Source=file:/workspaces/TECNOLOCHA/servidor_minecraft/libraries/net/fabricmc/sponge-mixin/0.16.5+mixin.0.8.7/sponge-mixin-0.16.5+mixin.0.8.7.jar Service=Knot/Fabric Env=SERVER
[18:14:09] [main/INFO]: Compatibility level set to JAVA_17
[18:14:09] [main/INFO]: Compatibility level set to JAVA_18
[18:14:09] [main/INFO]: Compatibility level set to JAVA_21
[18:14:09] [main/WARN]: Reference map 'aether_villages-common-common-refmap.json' for aether_villages.mixins.json could not be read. If this is a development environment you can ignore this message
[18:14:09] [main/WARN]: Reference map 'armory-common-common-refmap.json' for armory_rpgs.mixins.json could not be read. If this is a development environment you can ignore this message
[18:14:09] [main/WARN]: Reference map 'arsenal-common-common-refmap.json' for arsenal.mixins.json could not be read. If this is a development environment you can ignore this message
[18:14:09] [main/WARN]: Reference map 'berserker_rpg-common-common-refmap.json' for berserker-class-mod.mixins.json could not be read. If this is a development environment you can ignore this message
[18:14:09] [main/WARN]: Reference map 'fastitemframes.fabric.refmap.json' for fastitemframes.fabric.mixins.json could not be read. If this is a development environment you can ignore this message
[18:14:09] [main/WARN]: Reference map 'forgeconfigapiport.common.refmap.json' for forgeconfigapiport.common.mixins.json could not be read. If this is a development environment you can ignore this message
[18:14:09] [main/WARN]: Reference map 'gazebo-common-common-refmap.json' for gazebo.mixins.json could not be read. If this is a development environment you can ignore this message
[18:14:09] [main/WARN]: Reference map 'globalxp-fabric-1.20.6-refmap.json' for globalxp.mixins.json could not be read. If this is a development environment you can ignore this message
[18:14:09] [main/INFO]: File exists, reading config for elocindev.item_obliterator.fabric_quilt.config.ConfigEntries.
[18:14:09] [main/INFO]: Config for elocindev.item_obliterator.fabric_quilt.config.ConfigEntries read successfully.
[18:14:09] [main/WARN]: Reference map 'jewelry-common-common-refmap.json' for jewelry.mixins.json could not be read. If this is a development environment you can ignore this message
[18:14:09] [main/WARN]: Reference map 'lne_archers-common-common-refmap.json' for lne_archers.mixins.json could not be read. If this is a development environment you can ignore this message
[18:14:09] [main/WARN]: Reference map 'lne_paladins-common-common-refmap.json' for lne_paladins.mixins.json could not be read. If this is a development environment you can ignore this message
[18:14:09] [main/WARN]: Reference map 'lne_wizards-common-common-refmap.json' for lne_wizards.mixins.json could not be read. If this is a development environment you can ignore this message
[18:14:09] [main/INFO]: Started MM (shedaniel's fork) at me/shedaniel/gen/mixin/
[18:14:09] [main/WARN]: Reference map 'Manningham Mills-refmap.json' for mixins.mm_shedaniel.json could not be read. If this is a development environment you can ignore this message
[18:14:09] [main/WARN]: Reference map 'paladins-common-common-refmap.json' for paladins.mixins.json could not be read. If this is a development environment you can ignore this message
[18:14:09] [main/WARN]: Reference map 'prickle.refmap.json' for prickle.mixins.json could not be read. If this is a development environment you can ignore this message
[18:14:09] [main/WARN]: Reference map 'prickle.refmap.json' for prickle.fabric.mixins.json could not be read. If this is a development environment you can ignore this message
[18:14:09] [main/WARN]: Reference map 'relics-common-common-refmap.json' for relics_rpgs.mixins.json could not be read. If this is a development environment you can ignore this message
[18:14:10] [main/WARN]: Reference map 'tiny_config-common-common-refmap.json' for tiny_config.mixins.json could not be read. If this is a development environment you can ignore this message
[18:14:10] [main/WARN]: Reference map 'trashslot.refmap.json' for trashslot.mixins.json could not be read. If this is a development environment you can ignore this message
[18:14:10] [main/WARN]: Reference map 'trashslot.refmap.json' for trashslot.fabric.mixins.json could not be read. If this is a development environment you can ignore this message
[18:14:10] [main/WARN]: Reference map 'yet_another_config_lib_v3.refmap.json' for yacl.mixins.json could not be read. If this is a development environment you can ignore this message
[18:14:10] [main/WARN]: Reference map 'yet_another_config_lib_v3.refmap.json' for yacl-fabric.mixins.json could not be read. If this is a development environment you can ignore this message
[18:14:10] [main/WARN]: Error loading class: net/minecraft/class_310 (java.lang.ClassNotFoundException: net/minecraft/class_310)
[18:14:10] [main/WARN]: @Mixin target net.minecraft.class_310 was not found aether.mixins.json:client.accessor.MinecraftAccessor from mod aether
[18:14:10] [main/WARN]: Error loading class: dev/ftb/mods/ftbchunks/data/ClaimedChunkManagerImpl (java.lang.ClassNotFoundException: dev/ftb/mods/ftbchunks/data/ClaimedChunkManagerImpl)
[18:14:10] [main/WARN]: @Mixin target dev.ftb.mods.ftbchunks.data.ClaimedChunkManagerImpl was not found mixins.does_it_tick.json:ClaimedChunkManagerAccessor from mod does_it_tick
[18:14:10] [main/WARN]: Error loading class: com/electronwill/nightconfig/core/io/IoUtils (java.lang.ClassNotFoundException: com/electronwill/nightconfig/core/io/IoUtils)
[18:14:10] [main/WARN]: Error loading class: net/minecraft/class_525 (java.lang.ClassNotFoundException: net/minecraft/class_525)
[18:14:10] [main/WARN]: @Mixin target net.minecraft.class_525 was not found moonlight.mixins.json:CreateWorldScreenMixin from mod moonlight
[18:14:10] [main/WARN]: Error loading class: net/minecraft/class_287 (java.lang.ClassNotFoundException: net/minecraft/class_287)
[18:14:10] [main/WARN]: @Mixin target net.minecraft.class_287 was not found owo.mixins.json:BufferBuilderAccessor from mod owo
[18:14:10] [main/WARN]: Error loading class: net/minecraft/class_437 (java.lang.ClassNotFoundException: net/minecraft/class_437)
[18:14:10] [main/WARN]: @Mixin target net.minecraft.class_437 was not found owo.mixins.json:ScreenAccessor from mod owo
[18:14:11] [main/WARN]: Disabling fastItemComparison feature, due to the Owo mod's faulty implementation breaking it
[18:14:11] [main/INFO]: Loaded config for: recipeessentials.json
[18:14:11] [main/WARN]: Disabling fastItemComparison feature, due to the Owo mod's faulty implementation breaking it
[18:14:11] [main/WARN]: Disabling fastItemComparison feature, due to the Owo mod's faulty implementation breaking it
[18:14:11] [main/WARN]: Disabling fastItemComparison feature, due to the Owo mod's faulty implementation breaking it
[18:14:11] [main/WARN]: Disabling fastItemComparison feature, due to the Owo mod's faulty implementation breaking it
[18:14:11] [main/WARN]: Disabling fastItemComparison feature, due to the Owo mod's faulty implementation breaking it
[18:14:11] [main/WARN]: Disabling fastItemComparison feature, due to the Owo mod's faulty implementation breaking it
[18:14:11] [main/WARN]: Error loading class: net/minecraft/class_310 (java.lang.ClassNotFoundException: net/minecraft/class_310)
[18:14:11] [main/WARN]: @Mixin target net.minecraft.class_310 was not found shield_api.mixins.json:client.MinecraftClientMixin from mod shield_api
[18:14:11] [main/WARN]: Error loading class: vectorwing/farmersdelight/common/block/TomatoVineBlock (java.lang.ClassNotFoundException: vectorwing/farmersdelight/common/block/TomatoVineBlock)
[18:14:11] [main/WARN]: Error loading class: me/jellysquid/mods/sodium/client/render/chunk/compile/pipeline/FluidRenderer (java.lang.ClassNotFoundException: me/jellysquid/mods/sodium/client/render/chunk/compile/pipeline/FluidRenderer)
[18:14:11] [main/WARN]: Error loading class: net/minecraft/class_314 (java.lang.ClassNotFoundException: net/minecraft/class_314)
[18:14:11] [main/WARN]: @Mixin target net.minecraft.class_314 was not found mixins.mm_shedaniel.json:net.minecraft.class_314 from mod mm_shedaniel
[18:14:11] [main/INFO]: Initializing MixinExtras via com.llamalad7.mixinextras.service.MixinExtrasServiceImpl(version=0.5.0).
[18:14:14] [main/WARN]: Method overwrite conflict for method_5837 in eldritch_mobs.mixins.json:MobEntityMixin from mod eldritch_mobs, previously written by com.brutalbosses.mixin.BossCapMixin. Skipping method.
[18:14:20] [main/WARN]: Mod with id: explorify only has an old path for subPath: data/cristellib/structure_config. New Path for Cristel Lib >=2.0.1 is missing! Maybe contact the mod author to let them know.
[18:14:21] [main/INFO]: Loaded config for: cupboard.json
[18:14:21] [main/INFO]: Setting up compat modules for Accessories!
[18:14:21] [main/INFO]: Registered Trinkets Reloaded Listeners
[18:14:21] [main/INFO]: Adventure Dungeons Fabric Made by AlexMega
[18:14:21] [main/INFO]: Hello from Common init on Fabric! we are currently in a production environment!
[18:14:21] [main/INFO]: The ID for diamonds is minecraft:diamond
[18:14:21] [main/INFO]: Hello to adventuredungeons
[18:14:23] [main/INFO]: Registering Mod Items for archers_expansion
[18:14:23] [main/INFO]: Registering Item Groups for archers_expansion
[18:14:23] [main/INFO]: Loaded config for: armordamagescale.json
[18:14:23] [main/INFO]: armordamagescale mod initialized
[18:14:23] [main/INFO]: Registering Mod Items for berserker_rpg
[18:14:23] [main/INFO]: Registering Item Groups for berserker_rpg
[18:14:23] [main/INFO]: Reflections took 33 ms to scan 1 urls, producing 0 keys and 0 values
[18:14:23] [main/INFO]: Reflections took 2 ms to scan 1 urls, producing 0 keys and 0 values
[18:14:23] [main/INFO]: Reflections took 7 ms to scan 1 urls, producing 1 keys and 2 values
[18:14:23] [main/INFO]: Reflections took 2 ms to scan 1 urls, producing 1 keys and 2 values
[18:14:23] [main/INFO]: Reflections took 2 ms to scan 1 urls, producing 1 keys and 3 values
[18:14:23] [main/INFO]: Reflections took 1 ms to scan 1 urls, producing 1 keys and 3 values
[18:14:23] [main/INFO]: Reflections took 1 ms to scan 1 urls, producing 1 keys and 2 values
[18:14:23] [main/INFO]: Reflections took 1 ms to scan 1 urls, producing 1 keys and 2 values
[18:14:23] [main/INFO]: Reflections took 1 ms to scan 1 urls, producing 1 keys and 1 values
[18:14:23] [main/INFO]: Reflections took 0 ms to scan 1 urls, producing 1 keys and 1 values
[18:14:23] [main/INFO]: Reflections took 1 ms to scan 1 urls, producing 1 keys and 3 values
[18:14:23] [main/INFO]: Reflections took 1 ms to scan 1 urls, producing 1 keys and 3 values
[18:14:23] [main/INFO]: Reflections took 1 ms to scan 1 urls, producing 1 keys and 2 values
[18:14:23] [main/INFO]: Reflections took 1 ms to scan 1 urls, producing 1 keys and 2 values
[18:14:23] [main/INFO]: Reflections took 1 ms to scan 1 urls, producing 1 keys and 1 values
[18:14:23] [main/INFO]: Reflections took 0 ms to scan 1 urls, producing 1 keys and 1 values
[18:14:24] [main/INFO]: Reflections took 1 ms to scan 1 urls, producing 1 keys and 1 values
[18:14:24] [main/INFO]: Reflections took 0 ms to scan 1 urls, producing 1 keys and 1 values
[18:14:24] [main/INFO]: Brutal bosses initialized
[18:14:24] [main/INFO]: Customized Bundles!
[18:14:25] [main/INFO]: Loading Collective version 8.13.
[18:14:25] [main/INFO]: Connectivity initialized
[18:14:25] [main/INFO]: Customizable Player Models Initialized
[18:14:25] [main/INFO]: Customizable Player Models API initialized: Loaded plugins: (0)

[18:14:25] [main/ERROR]: No data fixer registered for jungle_creeper
[18:14:25] [main/ERROR]: No data fixer registered for bamboo_creeper
[18:14:25] [main/ERROR]: No data fixer registered for desert_creeper
[18:14:25] [main/ERROR]: No data fixer registered for badlands_creeper
[18:14:25] [main/ERROR]: No data fixer registered for hills_creeper
[18:14:25] [main/ERROR]: No data fixer registered for savannah_creeper
[18:14:25] [main/ERROR]: No data fixer registered for mushroom_creeper
[18:14:25] [main/ERROR]: No data fixer registered for swamp_creeper
[18:14:25] [main/ERROR]: No data fixer registered for dripstone_creeper
[18:14:25] [main/ERROR]: No data fixer registered for cave_creeper
[18:14:25] [main/ERROR]: No data fixer registered for dark_oak_creeper
[18:14:25] [main/ERROR]: No data fixer registered for spruce_creeper
[18:14:25] [main/ERROR]: No data fixer registered for beach_creeper
[18:14:25] [main/ERROR]: No data fixer registered for snowy_creeper
[18:14:25] [main/ERROR]: No data fixer registered for ocean_creeper
[18:14:25] [main/ERROR]: No data fixer registered for birch_creeper
[18:14:25] [main/INFO]: YAaargh!
[18:14:25] [main/INFO]: Constructing common components for easyanvils:main
[18:14:25] [main/INFO]: Dispatching loading event for config easyanvils-common.toml
[18:14:25] [main/ERROR]: No data fixer registered for coconut_crab
[18:14:25] [main/ERROR]: No data fixer registered for penguin
[18:14:25] [main/ERROR]: No data fixer registered for squirrel
[18:14:25] [main/INFO]: Channelling eldritch energies...
[18:14:25] [main/INFO]: Registering Item Groups for elemental_wizards_rpg
[18:14:25] [main/INFO]: Constructing common components for fastitemframes:main
[18:14:25] [main/INFO]: Registering Mod Items for forcemaster_rpg
[18:14:25] [main/INFO]: Registering Item Groups for forcemaster_rpg
[18:14:25] [main/ERROR]: No data fixer registered for deer_god
[18:14:25] [main/ERROR]: No data fixer registered for irrlicht
[18:14:25] [main/ERROR]: No data fixer registered for pumpkin
[18:14:25] [main/ERROR]: No data fixer registered for deer_follower
[18:14:25] [main/ERROR]: No data fixer registered for bulwark
[18:14:25] [main/INFO]: Updating Timed Event State; These are basically realtime holidays:
[18:14:25] [main/INFO]: formidulus:ween was 16 days ago. (active)
[18:14:25] [main/INFO]: formidulus:solstice_feast is in 38 days.
[18:14:25] [main/INFO]: Registering C2S receiver with id ftblibrary:edit_nbt_response
[18:14:25] [main/INFO]: Registering C2S receiver with id ftblibrary:sync_config_to_server_packet
[18:14:27] [main/ERROR]: No data fixer registered for handcrafted
[18:14:27] [main/INFO]: File exists, reading config for elocindev.item_obliterator.fabric_quilt.config.ConfigEntries.
[18:14:27] [main/INFO]: Config for elocindev.item_obliterator.fabric_quilt.config.ConfigEntries read successfully.
[18:14:27] [main/INFO]: Item Obliterator Config Loaded
[18:14:27] [main/INFO]: Initializing JamLib on Fabric
[18:14:27] [main/INFO]: [KONKRETE] Loading v1.9.9 in server-side mode on FABRIC!
[18:14:27] [main/INFO]: ---------------------------
[18:14:27] [main/INFO]: KONKRETE SHIPS AND USES THE FOLLOWING LIBRARIES:
[18:14:27] [main/INFO]:  
[18:14:27] [main/INFO]: Open Imaging Copyright © 2014 Dhyan Blum.
[18:14:27] [main/INFO]: Open Imaging is licensed under Apache-2.0.
[18:14:27] [main/INFO]:  
[18:14:27] [main/INFO]: JsonPath Copyright © 2017 Jayway.
[18:14:27] [main/INFO]: JsonPath is licensed under Apache-2.0.
[18:14:27] [main/INFO]:  
[18:14:27] [main/INFO]: Json-smart Copyright © netplex.
[18:14:27] [main/INFO]: Json-smart is licensed under Apache-2.0.
[18:14:27] [main/INFO]:  
[18:14:27] [main/INFO]: Exp4j Copyright © Frank Asseg.
[18:14:27] [main/INFO]: Exp4j is licensed under Apache-2.0. https://github.com/fasseg/exp4j
[18:14:27] [main/INFO]: ---------------------------
[18:14:27] [main/INFO]: [KONKRETE] Server-side modules initialized and ready to use!
[18:14:27] [main/INFO]: Compression will use libdeflate (Linux x86_64), encryption will use OpenSSL 3.0.x (Linux x86_64)
[18:14:27] [main/INFO]: Initialize mod Library Ferret
[18:14:27] [main/INFO]: Initialized mod Library Ferret
[18:14:27] [main/INFO]: Registering Status Effects for loot_n_explore
[18:14:27] [main/INFO]: Registering Potions for loot_n_explore
[18:14:27] [main/INFO]: Registering Item Groups for loot_n_explore
[18:14:27] [main/INFO]: Registering Spell Power Compat Effects for loot_n_explore
[18:14:27] [main/INFO]: Registering More RPG Library Compat Effects for loot_n_explore
[18:14:27] [main/INFO]: Registering Ranged Weapon API Compat Effects for loot_n_explore
[18:14:27] [main/INFO]: Registering Witcher Compat Effects for loot_n_explore
[18:14:27] [main/INFO]: Definitely not up to no good
[18:14:27] [main/INFO]: Definitely not up to no good
[18:14:27] [main/INFO]: Loaded config moonlight-common.json
[18:14:27] [main/INFO]: Registering Mod Items for more_rpg_classes
[18:14:27] [main/INFO]: Necronomicon Initialized
[18:14:27] [main/INFO]: File exists, reading config for elocindev.necronomicon.NecronomiconConfig.
[18:14:27] [main/INFO]: Config for elocindev.necronomicon.NecronomiconConfig read successfully.
[18:14:27] [main/INFO]: Reading config file for no-shield-delay
[18:14:27] [main/INFO]: Enabled: true, Raise Time: 1
[18:14:27] [main/INFO]: Finished Initializing no-shield-delay
[18:14:27] [main/INFO]: Registering C2S receiver with id observable:channel-c2s
[18:14:27] [main/INFO]: Registered class observable.net.C2SPacket$InitTPSProfile
[18:14:27] [main/INFO]: Registered class observable.net.C2SPacket$RequestAvailability
[18:14:27] [main/INFO]: Registered class observable.net.S2CPacket$ProfilingStarted
[18:14:27] [main/INFO]: Registered class observable.net.S2CPacket$ProfilingCompleted
[18:14:27] [main/INFO]: Registered class observable.net.S2CPacket$ProfilerInactive
[18:14:27] [main/INFO]: Registered class observable.net.S2CPacket$ProfilingResult
[18:14:27] [main/INFO]: Registered class observable.net.S2CPacket$Availability
[18:14:27] [main/INFO]: who invited dafuqs
[18:14:27] [main/INFO]: [Ping-Wheel] Init
[18:14:27] [main/INFO]: [Ping-Wheel] Loaded ServerConfig(defaultChannelMode=auto, playerTrackingEnabled=true, msToRegenerate=1000, rateLimit=5)
[18:14:27] [main/INFO]: Constructing common components for puzzleslib:main
[18:14:27] [main/INFO]: Updated config file at /workspaces/TECNOLOCHA/servidor_minecraft/config/rightclickharvest.json5
[18:14:27] [main/INFO]: Initializing Right Click Harvest on FABRIC
[18:14:28] [main/INFO]: [ServerCore] Loaded V1.5.5+1.21.1!
[18:14:28] [main/INFO]: Shield API initialized!
[18:14:28] [main/INFO]: [STDERR]: Failed to resolve EntityAttribute with id: 
[18:14:28] [main/INFO]: [STDERR]: Failed to resolve EntityAttribute with id: 
[18:14:28] [main/INFO]: Loaded config supplementaries-common.json
[18:14:28] [main/INFO]: Registered region minecraft:overworld to index 0 for type OVERWORLD
[18:14:28] [main/INFO]: Registered region minecraft:nether to index 0 for type NETHER
[18:14:28] [main/INFO]: Registered region yungscavebiomes:overworld to index 1 for type OVERWORLD
[18:14:29] [main/INFO]: Constructing common components for tinyskeletons:main
[18:14:29] [main/ERROR]: No data fixer registered for baby_skeleton
[18:14:29] [main/ERROR]: No data fixer registered for baby_wither_skeleton
[18:14:29] [main/ERROR]: No data fixer registered for baby_stray
[18:14:29] [main/ERROR]: No data fixer registered for baby_bogged
[18:14:29] [main/ERROR]: No data fixer registered for mushroom
[18:14:29] [main/ERROR]: No data fixer registered for 
[18:14:29] [main/INFO]: Registered the FluidEffect with Unique ID of minecraft:water for Water (Fluid Amount Required: 81000) with the ID 0
[18:14:29] [main/INFO]: Registered the FluidEffect with Unique ID of minecraft:lava for Lava (Fluid Amount Required: 81000) with the ID 1
[18:14:29] [main/INFO]: Registered the FluidEffect with Unique ID of travelersbackpack:potion for block.travelersbackpack.potion_still (Fluid Amount Required: 27000) with the ID 2
[18:14:29] [main/INFO]: Registered the FluidEffect with Unique ID of minecraft:milk for Air (Fluid Amount Required: 81000) with the ID 3
[18:14:29] [main/INFO]: [STDOUT]: TxniLib onInitialize!
[18:14:29] [main/INFO]: [STDOUT]: Initialize WeaponMaster
[18:14:29] [main/INFO]: Registering Item Groups for witcher_rpg
[18:14:29] [main/INFO]: Registered Witcher Items
[18:14:29] [main/INFO]: Reflections took 3 ms to scan 1 urls, producing 1 keys and 3 values
[18:14:29] [main/INFO]: Reflections took 2 ms to scan 1 urls, producing 1 keys and 3 values
[18:14:29] [main/INFO]: Reflections took 1 ms to scan 1 urls, producing 1 keys and 2 values
[18:14:29] [main/INFO]: Reflections took 1 ms to scan 1 urls, producing 1 keys and 2 values
[18:14:29] [main/INFO]: Reflections took 20 ms to scan 1 urls, producing 5 keys and 66 values
[18:14:29] [main/INFO]: Reflections took 12 ms to scan 1 urls, producing 5 keys and 66 values
[18:14:29] [main/INFO]: Reflections took 2 ms to scan 1 urls, producing 1 keys and 2 values
[18:14:29] [main/INFO]: Reflections took 0 ms to scan 1 urls, producing 1 keys and 2 values
[18:14:29] [main/INFO]: Krypton is now accelerating your Minecraft server's networking stack 🚀
[18:14:30] [main/ERROR]: No data fixer registered for dispenser_minecart
[18:14:30] [main/ERROR]: No data fixer registered for falling_urn
[18:14:30] [main/ERROR]: No data fixer registered for falling_ash
[18:14:30] [main/ERROR]: No data fixer registered for falling_sack
[18:14:30] [main/ERROR]: No data fixer registered for brick_projectile
[18:14:30] [main/ERROR]: No data fixer registered for slimeball_projectile
[18:14:30] [main/ERROR]: No data fixer registered for bomb
[18:14:30] [main/ERROR]: No data fixer registered for cannonball
[18:14:30] [main/ERROR]: No data fixer registered for rope_arrow
[18:14:30] [main/ERROR]: No data fixer registered for slingshot_projectile
[18:14:30] [main/ERROR]: No data fixer registered for cannon_boat
[18:14:30] [main/INFO]: Initialized block sets in 19ms
[18:14:30] [main/INFO]: Initialized color sets in 37ms
[18:14:30] [main/INFO]: Finished mod setup in: [0, 1, 1, 0, 2, 0] ms
[18:14:30] [main/INFO]: Environment: Environment[sessionHost=https://sessionserver.mojang.com, servicesHost=https://api.minecraftservices.com, name=PROD]
[18:14:31] [main/INFO]: Resource cache state for SERVER_DATA: up to date
[18:14:31] [main/INFO]: Populated search tree for pack at /workspaces/TECNOLOCHA/servidor_minecraft/dynamic-data-pack-cache/supplementaries-generated_pack in 2.423 ms
[18:14:31] [main/INFO]: Starting runtime resource generation for pack type SERVER_DATA with generators [supplementaries:generated_pack]
[18:14:31] [main/INFO]: Skipping regeneration for Dynamic SERVER_DATA Resources Provider [supplementaries:generated_pack] (cache up-to-date)
[18:14:31] [main/INFO]: Finished runtime resources generation for 1 packs in a total of 349.8 μs 
[18:14:31] [main/INFO]: Structure placement for `awesomedungeon:abandoned_oak_palace/start_pool`: { spacing: 50, separation: 25, salt: 1694767080, useValueFromConfiguration: true}
[18:14:31] [main/INFO]: Structure placement for `awesomedungeon:better_default_jungle_temple/start_pool`: { spacing: 50, separation: 25, salt: 1654787080, useValueFromConfiguration: true}
[18:14:31] [main/INFO]: Structure placement for `awesomedungeonocean:brigantine/start_pool`: { spacing: 25, separation: 10, salt: 294215156, useValueFromConfiguration: true}
[18:14:31] [main/INFO]: Structure placement for `awesomedungeon:desert_temple_husk/start_pool`: { spacing: 50, separation: 25, salt: 1394767080, useValueFromConfiguration: true}
[18:14:32] [main/INFO]: Structure placement for `awesomedungeonocean:frigate_large/start_pool`: { spacing: 25, separation: 10, salt: 354415156, useValueFromConfiguration: true}
[18:14:32] [main/INFO]: Structure placement for `awesomedungeonocean:frigate_medium/start_pool`: { spacing: 25, separation: 10, salt: 474155156, useValueFromConfiguration: true}
[18:14:32] [main/INFO]: Structure placement for `awesomedungeon:jungle_giant_tree/start_pool`: { spacing: 50, separation: 25, salt: 1494763380, useValueFromConfiguration: true}
[18:14:32] [main/INFO]: Structure placement for `awesomedungeon:mushroom_abandonned/start_pool`: { spacing: 50, separation: 25, salt: 1494227080, useValueFromConfiguration: true}
[18:14:32] [main/INFO]: Structure placement for `awesomedungeonocean:ocean_cage/start_pool`: { spacing: 25, separation: 10, salt: 40842806, useValueFromConfiguration: true}
[18:14:32] [main/INFO]: Structure placement for `awesomedungeonocean:ocean_quad/start_pool`: { spacing: 25, separation: 10, salt: 254835856, useValueFromConfiguration: true}
[18:14:32] [main/INFO]: Structure placement for `awesomedungeonocean:ocean_ruin_pillager/start_pool`: { spacing: 25, separation: 10, salt: 254145856, useValueFromConfiguration: true}
[18:14:32] [main/INFO]: Structure placement for `awesomedungeonocean:ocean_ruin_vanilla_temple/start_pool`: { spacing: 25, separation: 10, salt: 25482856, useValueFromConfiguration: true}
[18:14:32] [main/INFO]: Structure placement for `awesomedungeonocean:ocean_temple_quad/start_pool`: { spacing: 25, separation: 10, salt: 35482856, useValueFromConfiguration: true}
[18:14:32] [main/INFO]: Structure placement for `awesomedungeonocean:ocean_the_column_temple/start_pool`: { spacing: 25, separation: 10, salt: 15482856, useValueFromConfiguration: true}
[18:14:32] [main/INFO]: Structure placement for `awesomedungeonocean:ocean_warn_temple/start_pool`: { spacing: 25, separation: 10, salt: 45482856, useValueFromConfiguration: true}
[18:14:32] [main/INFO]: Structure placement for `awesomedungeon:swamp_big_temple/start_pool`: { spacing: 50, separation: 25, salt: 1594763280, useValueFromConfiguration: true}
[18:14:32] [main/INFO]: Structure placement for `awesomedungeon:the_usine/start_pool`: { spacing: 50, separation: 25, salt: 1694767078, useValueFromConfiguration: true}
[18:14:32] [main/INFO]: Structure placement for `awesomedungeon:t_z_tower/start_pool`: { spacing: 50, separation: 25, salt: 1794767078, useValueFromConfiguration: true}
[18:14:32] [main/INFO]: Structure placement for `awesomedungeon:witch_castle/start_pool`: { spacing: 50, separation: 25, salt: 1894776078, useValueFromConfiguration: true}
[18:14:33] [Worker-Main-3/WARN]: Found loot table element validation problem in {minecraft:loot_table/dungeons_arise:chests/illager_campsite/illager_campsite_map}.pools[7].entries[0]->{minecraft:chests/pillager_outpost}.pools[6].entries[0]: Unknown loot table called supplementaries:inject/pillager_quiver
[18:14:33] [Worker-Main-3/WARN]: Found loot table element validation problem in {minecraft:loot_table/minecraft:chests/pillager_outpost}.pools[6].entries[0]: Unknown loot table called supplementaries:inject/pillager_quiver
[18:14:33] [Worker-Main-3/WARN]: Found loot table element validation problem in {minecraft:loot_table/dungeons_arise:chests/illager_campsite/illager_campsite_tent}.pools[5].entries[0]->{minecraft:chests/pillager_outpost}.pools[6].entries[0]: Unknown loot table called supplementaries:inject/pillager_quiver
[18:14:34] [Worker-Main-2/ERROR]: Couldn't load tag aether_villages:collections/deep_aether_biomes as it is missing following references: deep_aether:aerlavender_fields (from aether_villages), deep_aether:aerglow_forest (from aether_villages), deep_aether:yagroot_swamp (from aether_villages)
[18:14:34] [Worker-Main-2/ERROR]: Couldn't load tag aether_villages:collections/ancient_aether_biomes as it is missing following references: #ancient_aether:is_ancient_aether_biome (from aether_villages)
[18:14:34] [Worker-Main-2/ERROR]: Couldn't load tag aether_villages:collections/aether_redux_biomes as it is missing following references: aether_redux:skyfields (from aether_villages), aether_redux:gilded_groves (from aether_villages), aether_redux:cloudcaps (from aether_villages), aether_redux:frosted_forests (from aether_villages), aether_redux:glacial_tundra (from aether_villages)
[18:14:34] [Worker-Main-3/INFO]: All Tags to be dealt with: [accessories:trinket_group_spell-quiver, accessories:trinket_group_spell-scroll, accessories:trinket_group_misc-quiver, accessories:trinket_group_charm-trinket, accessories:trinket_group_legs-quiver, accessories:belt, accessories:ring, accessories:hat, accessories:trinket_group_spell-trinket, accessories:trinket_group_spell-book, accessories:trinket_group_legs-key, accessories:back, accessories:necklace]
[18:14:34] [Worker-Main-3/WARN]: [RuntimeTagModification] Adding Entries from [trinkets:spell/quiver] to [accessories:trinket_group_spell-quiver]: 
     [#spell_engine:spell_quiver (from spell_engine:trinkets_compat)]
[18:14:34] [Worker-Main-3/WARN]: [RuntimeTagModification] Adding Entries from [trinkets:spell/scroll] to [accessories:trinket_group_spell-scroll]: 
     [spell_engine:scroll (from spell_engine:trinkets_compat)]
[18:14:34] [Worker-Main-3/WARN]: [RuntimeTagModification] Adding Entries from [trinkets:misc/quiver] to [accessories:trinket_group_misc-quiver]: 
     [#spell_engine:spell_quiver (from spell_engine:trinkets_compat)]
[18:14:34] [Worker-Main-3/WARN]: [RuntimeTagModification] Adding Entries from [trinkets:charm/trinket] to [accessories:trinket_group_charm-trinket]: 
     [#spell_engine:spell_trinket (from spell_engine:trinkets_compat)]
[18:14:34] [Worker-Main-3/WARN]: [RuntimeTagModification] Adding Entries from [trinkets:legs/quiver] to [accessories:trinket_group_legs-quiver]: 
     [supplementaries:quiver (from supplementaries)]
[18:14:34] [Worker-Main-3/WARN]: [RuntimeTagModification] Adding Entries from [accessories:belt] to [trinkets:legs/belt]: 
     [minecraft:lantern (from immersivelanterns), minecraft:soul_lantern (from immersivelanterns)]
[18:14:34] [Worker-Main-3/WARN]: [RuntimeTagModification] Adding Entries from [trinkets:offhand/ring] to [accessories:ring]: 
     [#jewelry:rings (from jewelry), #spell_engine:spell_ring (from spell_engine:trinkets_compat)]
[18:14:34] [Worker-Main-3/WARN]: [RuntimeTagModification] Adding Entries from [trinkets:hand/ring] to [accessories:ring]: 
     [#jewelry:rings (from jewelry), #spell_engine:spell_ring (from spell_engine:trinkets_compat)]
[18:14:34] [Worker-Main-3/WARN]: [RuntimeTagModification] Adding Entries from [trinkets:offhand/ring] to [trinkets:hand/ring]: 
     [#jewelry:rings (from jewelry), #spell_engine:spell_ring (from spell_engine:trinkets_compat)]
[18:14:34] [Worker-Main-3/WARN]: [RuntimeTagModification] Adding Entries from [trinkets:hand/ring] to [trinkets:offhand/ring]: 
     [#jewelry:rings (from jewelry), #spell_engine:spell_ring (from spell_engine:trinkets_compat)]
[18:14:34] [Worker-Main-3/WARN]: [RuntimeTagModification] Adding Entries from [trinkets:head/hat] to [accessories:hat]: 
     [formidulus:deer_skull (from formidulus), formidulus:jolly_hat (from formidulus), the_bumblezone:flower_headwear (from the_bumblezone)]
[18:14:34] [Worker-Main-3/WARN]: [RuntimeTagModification] Adding Entries from [trinkets:spell/trinket] to [accessories:trinket_group_spell-trinket]: 
     [#spell_engine:spell_trinket (from spell_engine:trinkets_compat)]
[18:14:34] [Worker-Main-3/WARN]: [RuntimeTagModification] Adding Entries from [trinkets:spell/book] to [accessories:trinket_group_spell-book]: 
     [#spell_engine:spell_books (from spell_engine:trinkets_compat), spell_engine:scroll (from spell_engine:trinkets_compat)]
[18:14:34] [Worker-Main-3/WARN]: [RuntimeTagModification] Adding Entries from [trinkets:legs/key] to [accessories:trinket_group_legs-key]: 
     [supplementaries:key (from supplementaries), suppsquared:heavy_key? (from supplementaries)]
[18:14:34] [Worker-Main-3/WARN]: [RuntimeTagModification] Adding Entries from [trinkets:chest/back] to [accessories:back]: 
     [travelersbackpack:standard (from travelersbackpack), travelersbackpack:netherite (from travelersbackpack), travelersbackpack:diamond (from travelersbackpack), travelersbackpack:gold (from travelersbackpack), travelersbackpack:emerald (from travelersbackpack), travelersbackpack:iron (from travelersbackpack), travelersbackpack:lapis (from travelersbackpack), travelersbackpack:redstone (from travelersbackpack), travelersbackpack:coal (from travelersbackpack), travelersbackpack:quartz (from travelersbackpack), travelersbackpack:bookshelf (from travelersbackpack), travelersbackpack:end (from travelersbackpack), travelersbackpack:nether (from travelersbackpack), travelersbackpack:sandstone (from travelersbackpack), travelersbackpack:snow (from travelersbackpack), travelersbackpack:sponge (from travelersbackpack), travelersbackpack:cake (from travelersbackpack), travelersbackpack:cactus (from travelersbackpack), travelersbackpack:hay (from travelersbackpack), travelersbackpack:melon (from travelersbackpack), travelersbackpack:pumpkin (from travelersbackpack), travelersbackpack:creeper (from travelersbackpack), travelersbackpack:dragon (from travelersbackpack), travelersbackpack:enderman (from travelersbackpack), travelersbackpack:blaze (from travelersbackpack), travelersbackpack:ghast (from travelersbackpack), travelersbackpack:magma_cube (from travelersbackpack), travelersbackpack:skeleton (from travelersbackpack), travelersbackpack:spider (from travelersbackpack), travelersbackpack:wither (from travelersbackpack), travelersbackpack:warden (from travelersbackpack), travelersbackpack:bat (from travelersbackpack), travelersbackpack:bee (from travelersbackpack), travelersbackpack:wolf (from travelersbackpack), travelersbackpack:fox (from travelersbackpack), travelersbackpack:ocelot (from travelersbackpack), travelersbackpack:horse (from travelersbackpack), travelersbackpack:cow (from travelersbackpack), travelersbackpack:pig (from travelersbackpack), travelersbackpack:sheep (from travelersbackpack), travelersbackpack:chicken (from travelersbackpack), travelersbackpack:squid (from travelersbackpack), travelersbackpack:villager (from travelersbackpack), travelersbackpack:iron_golem (from travelersbackpack)]
[18:14:34] [Worker-Main-3/WARN]: [RuntimeTagModification] Adding Entries from [accessories:back] to [trinkets:chest/back]: 
     [travelersbackpack:standard (from travelersbackpack), travelersbackpack:netherite (from travelersbackpack), travelersbackpack:diamond (from travelersbackpack), travelersbackpack:gold (from travelersbackpack), travelersbackpack:emerald (from travelersbackpack), travelersbackpack:iron (from travelersbackpack), travelersbackpack:lapis (from travelersbackpack), travelersbackpack:redstone (from travelersbackpack), travelersbackpack:coal (from travelersbackpack), travelersbackpack:quartz (from travelersbackpack), travelersbackpack:bookshelf (from travelersbackpack), travelersbackpack:end (from travelersbackpack), travelersbackpack:nether (from travelersbackpack), travelersbackpack:sandstone (from travelersbackpack), travelersbackpack:snow (from travelersbackpack), travelersbackpack:sponge (from travelersbackpack), travelersbackpack:cake (from travelersbackpack), travelersbackpack:cactus (from travelersbackpack), travelersbackpack:hay (from travelersbackpack), travelersbackpack:melon (from travelersbackpack), travelersbackpack:pumpkin (from travelersbackpack), travelersbackpack:creeper (from travelersbackpack), travelersbackpack:dragon (from travelersbackpack), travelersbackpack:enderman (from travelersbackpack), travelersbackpack:blaze (from travelersbackpack), travelersbackpack:ghast (from travelersbackpack), travelersbackpack:magma_cube (from travelersbackpack), travelersbackpack:skeleton (from travelersbackpack), travelersbackpack:spider (from travelersbackpack), travelersbackpack:wither (from travelersbackpack), travelersbackpack:warden (from travelersbackpack), travelersbackpack:bat (from travelersbackpack), travelersbackpack:bee (from travelersbackpack), travelersbackpack:wolf (from travelersbackpack), travelersbackpack:fox (from travelersbackpack), travelersbackpack:ocelot (from travelersbackpack), travelersbackpack:horse (from travelersbackpack), travelersbackpack:cow (from travelersbackpack), travelersbackpack:pig (from travelersbackpack), travelersbackpack:sheep (from travelersbackpack), travelersbackpack:chicken (from travelersbackpack), travelersbackpack:squid (from travelersbackpack), travelersbackpack:villager (from travelersbackpack), travelersbackpack:iron_golem (from travelersbackpack)]
[18:14:34] [Worker-Main-3/WARN]: [RuntimeTagModification] Adding Entries from [trinkets:chest/necklace] to [accessories:necklace]: 
     [formidulus:deer_necklace (from formidulus), #jewelry:necklaces (from jewelry), #witcher_rpg:witcher_medallions? (from witcher_rpg), #spell_engine:spell_necklace (from spell_engine:trinkets_compat)]
[18:14:34] [Worker-Main-3/WARN]: [RuntimeTagModification] Adding Entries from [accessories:necklace] to [trinkets:chest/necklace]: 
     [#witcher_rpg:witcher_medallions? (from witcher_rpg)]
[18:14:34] [main/ERROR]: Parsing error loading recipe supplementaries:copper_lantern_conversion Unknown registry key in ResourceKey[minecraft:root / minecraft:block]: suppsquared:copper_lantern; Failed to parse either. First: Not a json array: {"block":"suppsquared:copper_lantern","properties":{"lit":"true"}}; Second: No key tag in MapLike[{"block":"suppsquared:copper_lantern","properties":{"lit":"true"}}]; Unknown registry key in ResourceKey[minecraft:root / minecraft:block]: suppsquared:copper_lantern
[18:14:34] [main/ERROR]: Parsing error loading recipe armory_rpgs:justicar_helmet_smithing Failed to parse either. First: Input does not contain a key [fabric:type]: MapLike[{"item":"armory_rpgs:fallen_hero_upgrade"}]; Second: Failed to parse either. First: Not a json array: {"item":"armory_rpgs:fallen_hero_upgrade"}; Second: No key tag in MapLike[{"item":"armory_rpgs:fallen_hero_upgrade"}]; Unknown registry key in ResourceKey[minecraft:root / minecraft:item]: armory_rpgs:fallen_hero_upgrade
[18:14:34] [main/ERROR]: Parsing error loading recipe jeed:inebriation Unknown registry key in ResourceKey[minecraft:root / minecraft:recipe_serializer]: jeed:effect_provider
[18:14:34] [main/ERROR]: Parsing error loading recipe jeed:remedy Unknown registry key in ResourceKey[minecraft:root / minecraft:recipe_serializer]: jeed:effect_provider
[18:14:34] [main/INFO]: Loaded 4324 recipes
[18:14:34] [main/ERROR]: Parsing error loading custom advancement dungeons_arise:find_illager_corsair_or_illager_galley: No key id in MapLike[{"item":"minecraft:tropical_fish"}]
[18:14:34] [main/ERROR]: Parsing error loading custom advancement darkbosses:old_champions_remains_boss: Failed to parse either. First: Not a tag id; Second: Failed to parse either. First: Not a json array: "soulsweapons:draugr_boss"; Second: Failed to get element soulsweapons:draugr_boss missed input: {"old_champions_remains_boss":{"trigger":"minecraft:player_killed_entity","conditions":{"entity":{"type":"soulsweapons:draugr_boss"}}}}; Unknown registry key in ResourceKey[minecraft:root / minecraft:item]: soulsweapons:draugr
[18:14:34] [main/ERROR]: Parsing error loading custom advancement dungeons_arise:find_infested_temple_map: No key id in MapLike[{"item":"minecraft:filled_map"}]
[18:14:34] [main/ERROR]: Parsing error loading custom advancement dungeons_arise:find_greenwood_pub: No key id in MapLike[{"item":"minecraft:barrel"}]
[18:14:34] [main/ERROR]: Parsing error loading custom advancement darkbosses:corrupted_champion_boss: Failed to parse either. First: Not a tag id; Second: Failed to parse either. First: Not a json array: "graveyard:lich"; Second: Failed to get element graveyard:lich missed input: {"corrupted_champion_boss":{"trigger":"minecraft:player_killed_entity","conditions":{"entity":{"type":"graveyard:lich"}}}}; Unknown registry key in ResourceKey[minecraft:root / minecraft:item]: graveyard:purple_bone_staff
[18:14:34] [main/ERROR]: Parsing error loading custom advancement darkbosses:night_prowler_boss: Failed to parse either. First: Not a tag id; Second: Failed to parse either. First: Not a json array: "soulsweapons:night_prowler"; Second: Failed to get element soulsweapons:night_prowler missed input: {"decaying_king_boss":{"trigger":"minecraft:player_killed_entity","conditions":{"entity":{"type":"soulsweapons:night_prowler"}}}}; Unknown registry key in ResourceKey[minecraft:root / minecraft:item]: soulsweapons:soul_reaper
[18:14:34] [main/ERROR]: Parsing error loading custom advancement darkbosses:fallen_icon_boss: Failed to parse either. First: Not a tag id; Second: Failed to parse either. First: Not a json array: "soulsweapons:moonknight"; Second: Failed to get element soulsweapons:moonknight missed input: {"fallen_icon_boss":{"trigger":"minecraft:player_killed_entity","conditions":{"entity":{"type":"soulsweapons:moonknight"}}}}; Unknown registry key in ResourceKey[minecraft:root / minecraft:item]: soulsweapons:moonlight_greatsword
[18:14:34] [main/ERROR]: Parsing error loading custom advancement dungeons_arise:find_thornborn_towers: No key id in MapLike[{"item":"minecraft:rose_bush"}]
[18:14:35] [main/ERROR]: Parsing error loading custom advancement darkbosses:day_stalker_boss: Failed to parse either. First: Not a tag id; Second: Failed to parse either. First: Not a json array: "soulsweapons:day_stalker"; Second: Failed to get element soulsweapons:day_stalker missed input: {"decaying_king_boss":{"trigger":"minecraft:player_killed_entity","conditions":{"entity":{"type":"soulsweapons:day_stalker"}}}}; Unknown registry key in ResourceKey[minecraft:root / minecraft:item]: soulsweapons:dawnbreaker
[18:14:35] [main/ERROR]: Parsing error loading custom advancement dungeons_arise:find_keep_kayra: No key id in MapLike[{"item":"minecraft:lily_pad"}]
[18:14:35] [main/ERROR]: Parsing error loading custom advancement darkbosses:decaying_king_boss: Failed to parse either. First: Not a tag id; Second: Failed to parse either. First: Not a json array: "soulsweapons:accursed_lord_boss"; Second: Failed to get element soulsweapons:accursed_lord_boss missed input: {"decaying_king_boss":{"trigger":"minecraft:player_killed_entity","conditions":{"entity":{"type":"soulsweapons:accursed_lord_boss"}}}}; Unknown registry key in ResourceKey[minecraft:root / minecraft:item]: soulsweapons:darkin_blade
[18:14:35] [main/ERROR]: Parsing error loading custom advancement darkbosses:frenzied_shade_boss: Failed to parse either. First: Not a tag id; Second: Failed to parse either. First: Not a json array: "soulsweapons:night_shade"; Second: Failed to get element soulsweapons:night_shade missed input: {"frenzied_shade_boss":{"trigger":"minecraft:player_killed_entity","conditions":{"entity":{"type":"soulsweapons:night_shade"}}}}; Unknown registry key in ResourceKey[minecraft:root / minecraft:item]: soulsweapons:essence_of_eventide
[18:14:35] [main/ERROR]: Parsing error loading custom advancement darkbosses:monarch_of_chaos_boss: Failed to parse either. First: Not a tag id; Second: Failed to parse either. First: Not a json array: "soulsweapons:chaos_monarch"; Second: Failed to get element soulsweapons:chaos_monarch missed input: {"monarch_of_chaos_boss":{"trigger":"minecraft:player_killed_entity","conditions":{"entity":{"type":"soulsweapons:chaos_monarch"}}}}; Unknown registry key in ResourceKey[minecraft:root / minecraft:item]: soulsweapons:chaos_orb
[18:14:35] [main/ERROR]: Parsing error loading custom advancement darkbosses:magus_boss: Failed to parse either. First: Not a tag id; Second: Failed to parse either. First: Not a json array: "spellbladenext:magus"; Second: Failed to get element spellbladenext:magus missed input: {"void_blossom_boss":{"trigger":"minecraft:player_killed_entity","conditions":{"entity":{"type":"spellbladenext:magus"}}}}; Unknown registry key in ResourceKey[minecraft:root / minecraft:item]: spellbladenext:prismatic
[18:14:35] [main/ERROR]: Parsing error loading custom advancement darkbosses:info_graveyard_bosses: Unknown registry key in ResourceKey[minecraft:root / minecraft:item]: graveyard:soul_fire_brazier
[18:14:35] [main/ERROR]: Parsing error loading custom advancement darkbosses:info_souls_bosses: Unknown registry key in ResourceKey[minecraft:root / minecraft:item]: soulsweapons:lord_soul_dark
[18:14:35] [main/ERROR]: Parsing error loading custom advancement darkbosses:info_spellblade_bosses: Unknown registry key in ResourceKey[minecraft:root / minecraft:item]: spellbladenext:flaming_falchion
[18:14:35] [main/ERROR]: Parsing error loading custom advancement darkbosses:returning_knight_boss: Failed to parse either. First: Not a tag id; Second: Failed to parse either. First: Not a json array: "soulsweapons:returning_knight"; Second: Failed to get element soulsweapons:returning_knight missed input: {"returning_knight_boss":{"trigger":"minecraft:player_killed_entity","conditions":{"entity":{"type":"soulsweapons:returning_knight"}}}}; Unknown registry key in ResourceKey[minecraft:root / minecraft:item]: soulsweapons:altar_block
[18:14:35] [main/ERROR]: Couldn't load advancements: [minecraft:give_quest_trader_trade, dungeons_arise:find_plague_asylum, minecraft:wander_add_map, dungeons_arise:find_fishing_hut]
[18:14:35] [main/INFO]: Loaded 3946 advancements
[18:14:35] [main/ERROR]: Registry Lookup was null, failing tag_empty resource condition check
[18:14:35] [main/ERROR]: Registry Lookup was null, failing tag_empty resource condition check
[18:14:35] [main/ERROR]: Registry Lookup was null, failing tag_empty resource condition check
[18:14:35] [main/ERROR]: Registry Lookup was null, failing tag_empty resource condition check
[18:14:35] [main/INFO]: Loaded config for: brutalbosses.json
[18:14:35] [main/INFO]: Loaded boss: brutalbosses:drownedboss for: minecraft:drowned
[18:14:35] [main/INFO]: Loaded boss: brutalbosses:irongolemboss for: minecraft:iron_golem
[18:14:35] [main/INFO]: Loaded boss: brutalbosses:snowgolemboss for: minecraft:snow_golem
[18:14:35] [main/INFO]: Loaded boss: brutalbosses:zombieboss for: minecraft:zombie
[18:14:35] [main/INFO]: Loaded boss: brutalbosses:skeletonshieldboss for: minecraft:skeleton
[18:14:35] [main/INFO]: Loaded boss: brutalbosses:pillagerboss for: minecraft:pillager
[18:14:35] [main/INFO]: Loaded boss: brutalbosses:vexboss for: minecraft:vex
[18:14:35] [main/INFO]: Loaded boss: brutalbosses:evokerboss for: minecraft:evoker
[18:14:35] [main/INFO]: Loaded boss: brutalbosses:dummyboss for: minecraft:zombie
[18:14:35] [main/INFO]: Loaded boss: brutalbosses:vindicatorboss for: minecraft:vindicator
[18:14:35] [main/INFO]: Loaded boss: brutalbosses:witherskeletonshieldboss for: minecraft:wither_skeleton
[18:14:35] [main/INFO]: Loaded boss: brutalbosses:witherskeletonrangedboss for: minecraft:wither_skeleton
[18:14:35] [main/INFO]: Loaded boss: brutalbosses:cavespiderboss for: minecraft:cave_spider
[18:14:35] [main/INFO]: Loaded boss: brutalbosses:zombietoxicboss for: minecraft:zombie
[18:14:35] [main/INFO]: Loaded boss: brutalbosses:huskboss for: minecraft:husk
[18:14:35] [main/INFO]: Loaded boss: brutalbosses:evokersummoner for: minecraft:evoker
[18:14:35] [main/INFO]: Loaded boss: brutalbosses:archmageboss for: minecraft:wandering_trader
[18:14:35] [main/INFO]: Loaded boss: brutalbosses:guardianboss for: minecraft:guardian
[18:14:35] [main/INFO]: Loaded boss: brutalbosses:endervindicatorboss for: minecraft:vindicator
[18:14:35] [main/INFO]: Loaded boss: brutalbosses:shulkerboss for: minecraft:shulker
[18:14:35] [main/INFO]: Loaded boss: brutalbosses:zoglinboss for: minecraft:zoglin
[18:14:35] [main/INFO]: Loaded boss: brutalbosses:evilchickenboss for: minecraft:chicken
[18:14:35] [main/INFO]: Loaded boss: brutalbosses:blazeboss for: minecraft:blaze
[18:14:35] [main/INFO]: Loaded boss: brutalbosses:witchboss for: minecraft:witch
[18:14:35] [main/INFO]: Loaded boss: brutalbosses:phantomboss for: minecraft:phantom
[18:14:35] [main/INFO]: Loaded boss: brutalbosses:madcowboss for: minecraft:mooshroom
[18:14:35] [main/INFO]: Loaded boss: brutalbosses:rabbitboss for: minecraft:rabbit
[18:14:35] [main/INFO]: Loaded boss: brutalbosses:piglinbruteboss for: minecraft:piglin_brute
[18:14:35] [main/INFO]: Loaded boss: brutalbosses:ghastboss for: minecraft:ghast
[18:14:35] [main/INFO]: Loaded boss: brutalbosses:strayboss for: minecraft:stray
[18:14:35] [main/INFO]: Loaded config for: lootintegrations.json
[18:14:35] [main/INFO]: Applied 17 data villager trades
[18:14:35] [ForkJoinPool.commonPool-worker-1/INFO]: Loaded 56 translation keys
[18:14:35] [main/INFO]: Loaded 28 flute songs
[18:14:35] [main/INFO]: Reloading grave shape (server)
[18:14:35] [main/INFO]: Grave model and shape reload successful (server)
[18:14:35] [main/INFO]: Reloading YIGD graveyard data (server)
[18:14:35] [main/INFO]: Graveyard data successfully reloaded (server)
[18:14:35] [main/INFO]: Reloading YIGD grave area overrides (server)
[18:14:35] [main/INFO]: Grave area overrides successfully reloaded (server)
[18:14:35] [main/WARN]: Not all defined tags for registry ResourceKey[minecraft:root / minecraft:item] are present in data pack: c:ingots/lead, c:storage_blocks/lead
[18:14:37] [main/INFO]: Registering custom dispenser behaviors
[18:14:38] [main/INFO]: Initialized TerraBlender biomes for level stem minecraft:overworld
[18:14:38] [main/INFO]: Initialized TerraBlender biomes for level stem minecraft:the_nether
[18:14:38] [main/INFO]: Applied 3301 biome modifications to 175 of 175 new biomes in 362.3 ms
[18:14:38] [Server thread/INFO]: Dispatching loading event for config easyanvils-server.toml
[18:14:38] [Server thread/INFO]: [STDOUT]: Loaded container: paladins:acolyte_wand
[18:14:38] [Server thread/INFO]: [STDOUT]: Loaded container: witcher_rpg:aerondight_sword
[18:14:38] [Server thread/INFO]: [STDOUT]: Loaded container: berserker_rpg:aeternium_berserker_axe
[18:14:38] [Server thread/INFO]: [STDOUT]: Loaded container: paladins:aeternium_claymore
[18:14:38] [Server thread/INFO]: [STDOUT]: Loaded container: rogues:aeternium_dagger
[18:14:38] [Server thread/INFO]: [STDOUT]: Loaded container: rogues:aeternium_double_axe
[18:14:38] [Server thread/INFO]: [STDOUT]: Loaded container: rogues:aeternium_glaive
[18:14:38] [Server thread/INFO]: [STDOUT]: Loaded container: paladins:aeternium_great_hammer
[18:14:38] [Server thread/INFO]: [STDOUT]: Loaded container: forcemaster_rpg:aeternium_knuckle
[18:14:38] [Server thread/INFO]: [STDOUT]: Loaded container: rogues:aeternium_sickle
[18:14:38] [Server thread/INFO]: [STDOUT]: Loaded container: archers:aeternium_spear
[18:14:38] [Server thread/INFO]: [STDOUT]: Loaded container: witcher_rpg:aeternium_witcher_sword
[18:14:38] [Server thread/INFO]: [STDOUT]: Loaded container: berserker_rpg:aether_berserker_axe
[18:14:38] [Server thread/INFO]: [STDOUT]: Loaded container: paladins:aether_claymore
[18:14:38] [Server thread/INFO]: [STDOUT]: Loaded container: rogues:aether_dagger
[18:14:38] [Server thread/INFO]: [STDOUT]: Loaded container: rogues:aether_double_axe
[18:14:38] [Server thread/INFO]: [STDOUT]: Loaded container: rogues:aether_glaive
[18:14:38] [Server thread/INFO]: [STDOUT]: Loaded container: paladins:aether_great_hammer
[18:14:38] [Server thread/INFO]: [STDOUT]: Loaded container: archers:aether_heavy_crossbow
[18:14:38] [Server thread/INFO]: [STDOUT]: Loaded container: paladins:aether_holy_staff
[18:14:38] [Server thread/INFO]: [STDOUT]: Loaded container: forcemaster_rpg:aether_knuckle
[18:14:38] [Server thread/INFO]: [STDOUT]: Loaded container: archers:aether_longbow
[18:14:38] [Server thread/INFO]: [STDOUT]: Loaded container: paladins:aether_mace
[18:14:38] [Server thread/INFO]: [STDOUT]: Loaded container: rogues:aether_sickle
[18:14:38] [Server thread/INFO]: [STDOUT]: Loaded container: archers:aether_spear
[18:14:38] [Server thread/INFO]: [STDOUT]: Loaded container: witcher_rpg:aether_witcher_sword
[18:14:38] [Server thread/INFO]: [STDOUT]: Loaded container: wizards:aether_wizard_staff
[18:14:38] [Server thread/INFO]: [STDOUT]: Loaded container: bettercombat:anchor
[18:14:38] [Server thread/INFO]: [STDOUT]: Loaded container: bettercombat:axe
[18:14:38] [Server thread/INFO]: [STDOUT]: Loaded container: witcher_rpg:azure_wrath_sword
[18:14:38] [Server thread/INFO]: [STDOUT]: Loaded container: bettercombat:battlestaff
[18:14:38] [Server thread/INFO]: [STDOUT]: Loaded container: berserker_rpg:berserker_axe_attack
[18:14:38] [Server thread/INFO]: [STDOUT]: Loaded container: forcemaster_rpg:bloody_knuckle
[18:14:38] [Server thread/INFO]: [STDOUT]: Loaded container: bettercombat:bow_two_handed_heavy
[18:14:38] [Server thread/INFO]: [STDOUT]: Loaded container: bettercombat:bow_two_handed_light
[18:14:38] [Server thread/INFO]: [STDOUT]: Loaded container: bettercombat:claw
[18:14:38] [Server thread/INFO]: [STDOUT]: Loaded container: bettercombat:claymore
[18:14:38] [Server thread/INFO]: [STDOUT]: Loaded container: archers:composite_longbow
[18:14:38] [Server thread/INFO]: [STDOUT]: Loaded container: bettercombat:coral_blade
[18:14:38] [Server thread/INFO]: [STDOUT]: Loaded container: bettercombat:crossbow_two_handed_heavy
[18:14:38] [Server thread/INFO]: [STDOUT]: Loaded container: bettercombat:crossbow_two_handed_light
[18:14:38] [Server thread/INFO]: [STDOUT]: Loaded container: archers:crystal_longbow
[18:14:38] [Server thread/INFO]: [STDOUT]: Loaded container: bettercombat:cutlass
[18:14:38] [Server thread/INFO]: [STDOUT]: Loaded container: bettercombat:dagger
[18:14:38] [Server thread/INFO]: [STDOUT]: Loaded container: witcher_rpg:dark_iron_witcher_sword
[18:14:38] [Server thread/INFO]: [STDOUT]: Loaded container: witcher_rpg:dark_steel_witcher_sword
[18:14:38] [Server thread/INFO]: [STDOUT]: Loaded container: berserker_rpg:diamond_berserker_axe
[18:14:38] [Server thread/INFO]: [STDOUT]: Loaded container: paladins:diamond_claymore
[18:14:38] [Server thread/INFO]: [STDOUT]: Loaded container: rogues:diamond_dagger
[18:14:38] [Server thread/INFO]: [STDOUT]: Loaded container: rogues:diamond_double_axe
[18:14:38] [Server thread/INFO]: [STDOUT]: Loaded container: rogues:diamond_glaive
[18:14:38] [Server thread/INFO]: [STDOUT]: Loaded container: paladins:diamond_great_hammer
[18:14:38] [Server thread/INFO]: [STDOUT]: Loaded container: paladins:diamond_holy_staff
[18:14:38] [Server thread/INFO]: [STDOUT]: Loaded container: paladins:diamond_holy_wand
[18:14:38] [Server thread/INFO]: [STDOUT]: Loaded container: forcemaster_rpg:diamond_knuckle
[18:14:38] [Server thread/INFO]: [STDOUT]: Loaded container: paladins:diamond_mace
[18:14:38] [Server thread/INFO]: [STDOUT]: Loaded container: rogues:diamond_sickle
[18:14:38] [Server thread/INFO]: [STDOUT]: Loaded container: archers:diamond_spear
[18:14:38] [Server thread/INFO]: [STDOUT]: Loaded container: minecraft:diamond_sword
[18:14:38] [Server thread/INFO]: [STDOUT]: Loaded container: witcher_rpg:diamond_witcher_sword
[18:14:38] [Server thread/INFO]: [STDOUT]: Loaded container: bettercombat:double_axe
[18:14:38] [Server thread/INFO]: [STDOUT]: Loaded container: lne_paladins:elder_guardian_claymore
[18:14:38] [Server thread/INFO]: [STDOUT]: Loaded container: lne_rogues:elder_guardian_dagger
[18:14:38] [Server thread/INFO]: [STDOUT]: Loaded container: lne_rogues:elder_guardian_double_axe
[18:14:38] [Server thread/INFO]: [STDOUT]: Loaded container: lne_rogues:elder_guardian_glaive
[18:14:38] [Server thread/INFO]: [STDOUT]: Loaded container: lne_archers:elder_guardian_heavy_crossbow
[18:14:38] [Server thread/INFO]: [STDOUT]: Loaded container: lne_paladins:elder_guardian_holy_staff
[18:14:38] [Server thread/INFO]: [STDOUT]: Loaded container: forcemaster_rpg:elder_guardian_knuckle
[18:14:38] [Server thread/INFO]: [STDOUT]: Loaded container: lne_archers:elder_guardian_long_bow
[18:14:38] [Server thread/INFO]: [STDOUT]: Loaded container: lne_rogues:elder_guardian_sickle
[18:14:38] [Server thread/INFO]: [STDOUT]: Loaded container: lne_archers:elder_guardian_spear
[18:14:38] [Server thread/INFO]: [STDOUT]: Loaded container: lne_wizards:elder_guardian_staff_aqua
[18:14:38] [Server thread/INFO]: [STDOUT]: Loaded container: lne_paladins:ender_dragon_claymore
[18:14:38] [Server thread/INFO]: [STDOUT]: Loaded container: lne_rogues:ender_dragon_dagger
[18:14:38] [Server thread/INFO]: [STDOUT]: Loaded container: lne_rogues:ender_dragon_double_axe
[18:14:38] [Server thread/INFO]: [STDOUT]: Loaded container: lne_rogues:ender_dragon_glaive
[18:14:38] [Server thread/INFO]: [STDOUT]: Loaded container: lne_archers:ender_dragon_heavy_crossbow
[18:14:38] [Server thread/INFO]: [STDOUT]: Loaded container: forcemaster_rpg:ender_dragon_knuckle
[18:14:38] [Server thread/INFO]: [STDOUT]: Loaded container: lne_archers:ender_dragon_long_bow
[18:14:38] [Server thread/INFO]: [STDOUT]: Loaded container: lne_rogues:ender_dragon_sickle
[18:14:38] [Server thread/INFO]: [STDOUT]: Loaded container: lne_archers:ender_dragon_spear
[18:14:38] [Server thread/INFO]: [STDOUT]: Loaded container: lne_wizards:ender_dragon_staff_arcane
[18:14:38] [Server thread/INFO]: [STDOUT]: Loaded container: lne_wizards:ender_dragon_staff_wind
[18:14:38] [Server thread/INFO]: [STDOUT]: Loaded container: bettercombat:fist
[18:14:38] [Server thread/INFO]: [STDOUT]: Loaded container: berserker_rpg:flint_berserker_axe
[18:14:38] [Server thread/INFO]: [STDOUT]: Loaded container: rogues:flint_dagger
[18:14:38] [Server thread/INFO]: [STDOUT]: Loaded container: archers:flint_spear
[18:14:38] [Server thread/INFO]: [STDOUT]: Loaded container: berserker_rpg:glacial_berserker_axe
[18:14:38] [Server thread/INFO]: [STDOUT]: Loaded container: lne_paladins:glacial_claymore
[18:14:38] [Server thread/INFO]: [STDOUT]: Loaded container: lne_rogues:glacial_dagger
[18:14:38] [Server thread/INFO]: [STDOUT]: Loaded container: lne_rogues:glacial_double_axe
[18:14:38] [Server thread/INFO]: [STDOUT]: Loaded container: lne_rogues:glacial_glaive
[18:14:38] [Server thread/INFO]: [STDOUT]: Loaded container: lne_archers:glacial_heavy_crossbow
[18:14:38] [Server thread/INFO]: [STDOUT]: Loaded container: forcemaster_rpg:glacial_knuckle
[18:14:38] [Server thread/INFO]: [STDOUT]: Loaded container: lne_archers:glacial_long_bow
[18:14:38] [Server thread/INFO]: [STDOUT]: Loaded container: lne_rogues:glacial_sickle
[18:14:38] [Server thread/INFO]: [STDOUT]: Loaded container: lne_archers:glacial_spear
[18:14:38] [Server thread/INFO]: [STDOUT]: Loaded container: lne_wizards:glacial_staff_frost
[18:14:38] [Server thread/INFO]: [STDOUT]: Loaded container: bettercombat:glaive
[18:14:38] [Server thread/INFO]: [STDOUT]: Loaded container: berserker_rpg:golden_berserker_axe
[18:14:38] [Server thread/INFO]: [STDOUT]: Loaded container: paladins:golden_claymore
[18:14:38] [Server thread/INFO]: [STDOUT]: Loaded container: rogues:golden_dagger
[18:14:38] [Server thread/INFO]: [STDOUT]: Loaded container: rogues:golden_double_axe
[18:14:38] [Server thread/INFO]: [STDOUT]: Loaded container: rogues:golden_glaive
[18:14:38] [Server thread/INFO]: [STDOUT]: Loaded container: paladins:golden_great_hammer
[18:14:38] [Server thread/INFO]: [STDOUT]: Loaded container: forcemaster_rpg:golden_knuckle
[18:14:38] [Server thread/INFO]: [STDOUT]: Loaded container: paladins:golden_mace
[18:14:38] [Server thread/INFO]: [STDOUT]: Loaded container: rogues:golden_sickle
[18:14:38] [Server thread/INFO]: [STDOUT]: Loaded container: archers:golden_spear
[18:14:38] [Server thread/INFO]: [STDOUT]: Loaded container: minecraft:golden_sword
[18:14:38] [Server thread/INFO]: [STDOUT]: Loaded container: witcher_rpg:golden_witcher_sword
[18:14:38] [Server thread/INFO]: [STDOUT]: Loaded container: forcemaster_rpg:guardian_knuckle
[18:14:38] [Server thread/INFO]: [STDOUT]: Loaded container: bettercombat:halberd
[18:14:38] [Server thread/INFO]: [STDOUT]: Loaded container: bettercombat:hammer
[18:14:38] [Server thread/INFO]: [STDOUT]: Loaded container: bettercombat:heavy_axe
[18:14:38] [Server thread/INFO]: [STDOUT]: Loaded container: archers:heavy_crossbow
[18:14:38] [Server thread/INFO]: [STDOUT]: Loaded container: paladins:holy_staff
[18:14:38] [Server thread/INFO]: [STDOUT]: Loaded container: paladins:holy_wand
[18:14:38] [Server thread/INFO]: [STDOUT]: Loaded container: witcher_rpg:iris_sword
[18:14:38] [Server thread/INFO]: [STDOUT]: Loaded container: berserker_rpg:iron_berserker_axe
[18:14:38] [Server thread/INFO]: [STDOUT]: Loaded container: paladins:iron_claymore
[18:14:38] [Server thread/INFO]: [STDOUT]: Loaded container: rogues:iron_dagger
[18:14:38] [Server thread/INFO]: [STDOUT]: Loaded container: rogues:iron_double_axe
[18:14:38] [Server thread/INFO]: [STDOUT]: Loaded container: rogues:iron_glaive
[18:14:38] [Server thread/INFO]: [STDOUT]: Loaded container: paladins:iron_great_hammer
[18:14:38] [Server thread/INFO]: [STDOUT]: Loaded container: forcemaster_rpg:iron_knuckle
[18:14:38] [Server thread/INFO]: [STDOUT]: Loaded container: paladins:iron_mace
[18:14:38] [Server thread/INFO]: [STDOUT]: Loaded container: rogues:iron_sickle
[18:14:38] [Server thread/INFO]: [STDOUT]: Loaded container: archers:iron_spear
[18:14:38] [Server thread/INFO]: [STDOUT]: Loaded container: minecraft:iron_sword
[18:14:38] [Server thread/INFO]: [STDOUT]: Loaded container: witcher_rpg:iron_witcher_sword
[18:14:38] [Server thread/INFO]: [STDOUT]: Loaded container: bettercombat:katana
[18:14:38] [Server thread/INFO]: [STDOUT]: Loaded container: forcemaster_rpg:knuckle_attack
[18:14:38] [Server thread/INFO]: [STDOUT]: Loaded container: bettercombat:lance
[18:14:38] [Server thread/INFO]: [STDOUT]: Loaded container: forcemaster_rpg:legendary_golden_knuckle
[18:14:38] [Server thread/INFO]: [STDOUT]: Loaded container: bettercombat:mace
[18:14:38] [Server thread/INFO]: [STDOUT]: Loaded container: minecraft:mace
[18:14:38] [Server thread/INFO]: [STDOUT]: Loaded container: witcher_rpg:meteorite_silver_witcher_sword
[18:14:38] [Server thread/INFO]: [STDOUT]: Loaded container: witcher_rpg:meteorite_witcher_sword
[18:14:38] [Server thread/INFO]: [STDOUT]: Loaded container: berserker_rpg:netherite_berserker_axe
[18:14:38] [Server thread/INFO]: [STDOUT]: Loaded container: paladins:netherite_claymore
[18:14:38] [Server thread/INFO]: [STDOUT]: Loaded container: rogues:netherite_dagger
[18:14:38] [Server thread/INFO]: [STDOUT]: Loaded container: rogues:netherite_double_axe
[18:14:38] [Server thread/INFO]: [STDOUT]: Loaded container: rogues:netherite_glaive
[18:14:38] [Server thread/INFO]: [STDOUT]: Loaded container: paladins:netherite_great_hammer
[18:14:38] [Server thread/INFO]: [STDOUT]: Loaded container: archers:netherite_heavy_crossbow
[18:14:38] [Server thread/INFO]: [STDOUT]: Loaded container: paladins:netherite_holy_staff
[18:14:38] [Server thread/INFO]: [STDOUT]: Loaded container: paladins:netherite_holy_wand
[18:14:38] [Server thread/INFO]: [STDOUT]: Loaded container: forcemaster_rpg:netherite_knuckle
[18:14:38] [Server thread/INFO]: [STDOUT]: Loaded container: archers:netherite_longbow
[18:14:38] [Server thread/INFO]: [STDOUT]: Loaded container: paladins:netherite_mace
[18:14:38] [Server thread/INFO]: [STDOUT]: Loaded container: rogues:netherite_sickle
[18:14:38] [Server thread/INFO]: [STDOUT]: Loaded container: archers:netherite_spear
[18:14:38] [Server thread/INFO]: [STDOUT]: Loaded container: minecraft:netherite_sword
[18:14:38] [Server thread/INFO]: [STDOUT]: Loaded container: witcher_rpg:netherite_witcher_sword
[18:14:38] [Server thread/INFO]: [STDOUT]: Loaded container: bettercombat:pickaxe
[18:14:38] [Server thread/INFO]: [STDOUT]: Loaded container: bettercombat:rapier
[18:14:38] [Server thread/INFO]: [STDOUT]: Loaded container: witcher_rpg:reach_of_the_damned_sword
[18:14:38] [Server thread/INFO]: [STDOUT]: Loaded container: archers:royal_longbow
[18:14:38] [Server thread/INFO]: [STDOUT]: Loaded container: berserker_rpg:ruby_berserker_axe
[18:14:38] [Server thread/INFO]: [STDOUT]: Loaded container: paladins:ruby_claymore
[18:14:38] [Server thread/INFO]: [STDOUT]: Loaded container: rogues:ruby_dagger
[18:14:38] [Server thread/INFO]: [STDOUT]: Loaded container: rogues:ruby_double_axe
[18:14:38] [Server thread/INFO]: [STDOUT]: Loaded container: rogues:ruby_glaive
[18:14:38] [Server thread/INFO]: [STDOUT]: Loaded container: archers:ruby_heavy_crossbow
[18:14:38] [Server thread/INFO]: [STDOUT]: Loaded container: paladins:ruby_holy_staff
[18:14:38] [Server thread/INFO]: [STDOUT]: Loaded container: forcemaster_rpg:ruby_knuckle
[18:14:38] [Server thread/INFO]: [STDOUT]: Loaded container: rogues:ruby_sickle
[18:14:38] [Server thread/INFO]: [STDOUT]: Loaded container: archers:ruby_spear
[18:14:38] [Server thread/INFO]: [STDOUT]: Loaded container: witcher_rpg:ruby_witcher_sword
[18:14:38] [Server thread/INFO]: [STDOUT]: Loaded container: bettercombat:scythe
[18:14:38] [Server thread/INFO]: [STDOUT]: Loaded container: bettercombat:sickle
[18:14:38] [Server thread/INFO]: [STDOUT]: Loaded container: witcher_rpg:silver_witcher_sword
[18:14:38] [Server thread/INFO]: [STDOUT]: Loaded container: bettercombat:soul_knife
[18:14:38] [Server thread/INFO]: [STDOUT]: Loaded container: bettercombat:spear
[18:14:38] [Server thread/INFO]: [STDOUT]: Loaded container: bettercombat:staff
[18:14:38] [Server thread/INFO]: [STDOUT]: Loaded container: elemental_wizards_rpg:staff_aeternium_wind
[18:14:38] [Server thread/INFO]: [STDOUT]: Loaded container: elemental_wizards_rpg:staff_aether
[18:14:38] [Server thread/INFO]: [STDOUT]: Loaded container: elemental_wizards_rpg:staff_aqua
[18:14:38] [Server thread/INFO]: [STDOUT]: Loaded container: wizards:staff_arcane
[18:14:38] [Server thread/INFO]: [STDOUT]: Loaded container: elemental_wizards_rpg:staff_crystal_aqua
[18:14:38] [Server thread/INFO]: [STDOUT]: Loaded container: wizards:staff_crystal_arcane
[18:14:38] [Server thread/INFO]: [STDOUT]: Loaded container: elemental_wizards_rpg:staff_elemental
[18:14:38] [Server thread/INFO]: [STDOUT]: Loaded container: wizards:staff_fire
[18:14:38] [Server thread/INFO]: [STDOUT]: Loaded container: wizards:staff_frost
[18:14:38] [Server thread/INFO]: [STDOUT]: Loaded container: elemental_wizards_rpg:staff_netherite_aqua
[18:14:38] [Server thread/INFO]: [STDOUT]: Loaded container: wizards:staff_netherite_arcane
[18:14:38] [Server thread/INFO]: [STDOUT]: Loaded container: wizards:staff_netherite_fire
[18:14:38] [Server thread/INFO]: [STDOUT]: Loaded container: wizards:staff_netherite_frost
[18:14:38] [Server thread/INFO]: [STDOUT]: Loaded container: elemental_wizards_rpg:staff_netherite_terra
[18:14:38] [Server thread/INFO]: [STDOUT]: Loaded container: elemental_wizards_rpg:staff_netherite_wind
[18:14:38] [Server thread/INFO]: [STDOUT]: Loaded container: wizards:staff_ruby_fire
[18:14:38] [Server thread/INFO]: [STDOUT]: Loaded container: elemental_wizards_rpg:staff_ruby_terra
[18:14:38] [Server thread/INFO]: [STDOUT]: Loaded container: wizards:staff_smaragdant_frost
[18:14:38] [Server thread/INFO]: [STDOUT]: Loaded container: elemental_wizards_rpg:staff_terra
[18:14:38] [Server thread/INFO]: [STDOUT]: Loaded container: elemental_wizards_rpg:staff_wind
[18:14:38] [Server thread/INFO]: [STDOUT]: Loaded container: wizards:staff_wizard
[18:14:38] [Server thread/INFO]: [STDOUT]: Loaded container: witcher_rpg:steel_witcher_sword
[18:14:38] [Server thread/INFO]: [STDOUT]: Loaded container: berserker_rpg:stone_berserker_axe
[18:14:38] [Server thread/INFO]: [STDOUT]: Loaded container: paladins:stone_claymore
[18:14:38] [Server thread/INFO]: [STDOUT]: Loaded container: rogues:stone_double_axe
[18:14:38] [Server thread/INFO]: [STDOUT]: Loaded container: paladins:stone_great_hammer
[18:14:38] [Server thread/INFO]: [STDOUT]: Loaded container: forcemaster_rpg:stone_knuckle
[18:14:38] [Server thread/INFO]: [STDOUT]: Loaded container: paladins:stone_mace
[18:14:38] [Server thread/INFO]: [STDOUT]: Loaded container: minecraft:stone_sword
[18:14:38] [Server thread/INFO]: [STDOUT]: Loaded container: bettercombat:sword
[18:14:38] [Server thread/INFO]: [STDOUT]: Loaded container: bettercombat:trident
[18:14:38] [Server thread/INFO]: [STDOUT]: Loaded container: minecraft:trident
[18:14:38] [Server thread/INFO]: [STDOUT]: Loaded container: bettercombat:twin_blade
[18:14:38] [Server thread/INFO]: [STDOUT]: Loaded container: witcher_rpg:ultimatum_sword
[18:14:38] [Server thread/INFO]: [STDOUT]: Loaded container: berserker_rpg:unique_berserker_axe_1
[18:14:38] [Server thread/INFO]: [STDOUT]: Loaded container: arsenal:unique_claymore_1
[18:14:38] [Server thread/INFO]: [STDOUT]: Loaded container: arsenal:unique_claymore_2
[18:14:38] [Server thread/INFO]: [STDOUT]: Loaded container: arsenal:unique_claymore_sw
[18:14:38] [Server thread/INFO]: [STDOUT]: Loaded container: arsenal:unique_dagger_1
[18:14:38] [Server thread/INFO]: [STDOUT]: Loaded container: arsenal:unique_dagger_2
[18:14:38] [Server thread/INFO]: [STDOUT]: Loaded container: arsenal:unique_dagger_sw
[18:14:38] [Server thread/INFO]: [STDOUT]: Loaded container: arsenal:unique_double_axe_1
[18:14:38] [Server thread/INFO]: [STDOUT]: Loaded container: arsenal:unique_double_axe_2
[18:14:38] [Server thread/INFO]: [STDOUT]: Loaded container: arsenal:unique_double_axe_sw
[18:14:38] [Server thread/INFO]: [STDOUT]: Loaded container: arsenal:unique_glaive_1
[18:14:38] [Server thread/INFO]: [STDOUT]: Loaded container: arsenal:unique_glaive_2
[18:14:38] [Server thread/INFO]: [STDOUT]: Loaded container: arsenal:unique_glaive_sw
[18:14:38] [Server thread/INFO]: [STDOUT]: Loaded container: arsenal:unique_hammer_1
[18:14:38] [Server thread/INFO]: [STDOUT]: Loaded container: arsenal:unique_hammer_2
[18:14:38] [Server thread/INFO]: [STDOUT]: Loaded container: arsenal:unique_hammer_sw
[18:14:38] [Server thread/INFO]: [STDOUT]: Loaded container: arsenal:unique_heavy_crossbow_1
[18:14:38] [Server thread/INFO]: [STDOUT]: Loaded container: arsenal:unique_heavy_crossbow_2
[18:14:38] [Server thread/INFO]: [STDOUT]: Loaded container: arsenal:unique_heavy_crossbow_sw
[18:14:38] [Server thread/INFO]: [STDOUT]: Loaded container: arsenal:unique_longbow_1
[18:14:38] [Server thread/INFO]: [STDOUT]: Loaded container: arsenal:unique_longbow_2
[18:14:38] [Server thread/INFO]: [STDOUT]: Loaded container: arsenal:unique_longbow_sw
[18:14:38] [Server thread/INFO]: [STDOUT]: Loaded container: arsenal:unique_longsword_sw
[18:14:38] [Server thread/INFO]: [STDOUT]: Loaded container: arsenal:unique_mace_1
[18:14:38] [Server thread/INFO]: [STDOUT]: Loaded container: arsenal:unique_mace_2
[18:14:38] [Server thread/INFO]: [STDOUT]: Loaded container: arsenal:unique_mace_sw
[18:14:38] [Server thread/INFO]: [STDOUT]: Loaded container: arsenal:unique_sickle_1
[18:14:38] [Server thread/INFO]: [STDOUT]: Loaded container: arsenal:unique_sickle_2
[18:14:38] [Server thread/INFO]: [STDOUT]: Loaded container: arsenal:unique_sickle_sw
[18:14:38] [Server thread/INFO]: [STDOUT]: Loaded container: arsenal:unique_spear_1
[18:14:38] [Server thread/INFO]: [STDOUT]: Loaded container: arsenal:unique_spear_2
[18:14:38] [Server thread/INFO]: [STDOUT]: Loaded container: arsenal:unique_spear_sw
[18:14:38] [Server thread/INFO]: [STDOUT]: Loaded container: elemental_wizards_rpg:unique_staff_1
[18:14:38] [Server thread/INFO]: [STDOUT]: Loaded container: arsenal:unique_staff_damage_1
[18:14:38] [Server thread/INFO]: [STDOUT]: Loaded container: arsenal:unique_staff_damage_2
[18:14:38] [Server thread/INFO]: [STDOUT]: Loaded container: arsenal:unique_staff_damage_3
[18:14:38] [Server thread/INFO]: [STDOUT]: Loaded container: arsenal:unique_staff_damage_4
[18:14:38] [Server thread/INFO]: [STDOUT]: Loaded container: arsenal:unique_staff_damage_5
[18:14:38] [Server thread/INFO]: [STDOUT]: Loaded container: arsenal:unique_staff_damage_6
[18:14:38] [Server thread/INFO]: [STDOUT]: Loaded container: arsenal:unique_staff_damage_sw
[18:14:38] [Server thread/INFO]: [STDOUT]: Loaded container: arsenal:unique_staff_heal_1
[18:14:38] [Server thread/INFO]: [STDOUT]: Loaded container: arsenal:unique_staff_heal_2
[18:14:38] [Server thread/INFO]: [STDOUT]: Loaded container: arsenal:unique_staff_heal_sw
[18:14:38] [Server thread/INFO]: [STDOUT]: Loaded container: bettercombat:vanilla_mace
[18:14:38] [Server thread/INFO]: [STDOUT]: Loaded container: bettercombat:wand
[18:14:38] [Server thread/INFO]: [STDOUT]: Loaded container: elemental_wizards_rpg:wand_aqua
[18:14:38] [Server thread/INFO]: [STDOUT]: Loaded container: wizards:wand_arcane
[18:14:38] [Server thread/INFO]: [STDOUT]: Loaded container: elemental_wizards_rpg:wand_clay
[18:14:38] [Server thread/INFO]: [STDOUT]: Loaded container: elemental_wizards_rpg:wand_feather
[18:14:38] [Server thread/INFO]: [STDOUT]: Loaded container: wizards:wand_fire
[18:14:38] [Server thread/INFO]: [STDOUT]: Loaded container: wizards:wand_frost
[18:14:38] [Server thread/INFO]: [STDOUT]: Loaded container: elemental_wizards_rpg:wand_kelp
[18:14:38] [Server thread/INFO]: [STDOUT]: Loaded container: elemental_wizards_rpg:wand_netherite_aqua
[18:14:38] [Server thread/INFO]: [STDOUT]: Loaded container: wizards:wand_netherite_arcane
[18:14:38] [Server thread/INFO]: [STDOUT]: Loaded container: wizards:wand_netherite_fire
[18:14:38] [Server thread/INFO]: [STDOUT]: Loaded container: wizards:wand_netherite_frost
[18:14:38] [Server thread/INFO]: [STDOUT]: Loaded container: elemental_wizards_rpg:wand_netherite_terra
[18:14:38] [Server thread/INFO]: [STDOUT]: Loaded container: elemental_wizards_rpg:wand_netherite_wind
[18:14:38] [Server thread/INFO]: [STDOUT]: Loaded container: wizards:wand_novice
[18:14:38] [Server thread/INFO]: [STDOUT]: Loaded container: elemental_wizards_rpg:wand_terra
[18:14:38] [Server thread/INFO]: [STDOUT]: Loaded container: elemental_wizards_rpg:wand_wind
[18:14:38] [Server thread/INFO]: [STDOUT]: Loaded container: witcher_rpg:winters_blade_sword
[18:14:38] [Server thread/INFO]: [STDOUT]: Loaded container: witcher_rpg:witcher_sword_attack
[18:14:38] [Server thread/INFO]: [STDOUT]: Loaded container: berserker_rpg:wither_berserker_axe
[18:14:38] [Server thread/INFO]: [STDOUT]: Loaded container: lne_paladins:wither_claymore
[18:14:38] [Server thread/INFO]: [STDOUT]: Loaded container: lne_rogues:wither_dagger
[18:14:38] [Server thread/INFO]: [STDOUT]: Loaded container: lne_rogues:wither_double_axe
[18:14:38] [Server thread/INFO]: [STDOUT]: Loaded container: lne_rogues:wither_glaive
[18:14:38] [Server thread/INFO]: [STDOUT]: Loaded container: lne_archers:wither_heavy_crossbow
[18:14:38] [Server thread/INFO]: [STDOUT]: Loaded container: forcemaster_rpg:wither_knuckle
[18:14:38] [Server thread/INFO]: [STDOUT]: Loaded container: lne_archers:wither_long_bow
[18:14:38] [Server thread/INFO]: [STDOUT]: Loaded container: lne_rogues:wither_sickle
[18:14:38] [Server thread/INFO]: [STDOUT]: Loaded container: lne_archers:wither_spear
[18:14:38] [Server thread/INFO]: [STDOUT]: Loaded container: lne_wizards:wither_staff_fire
[18:14:38] [Server thread/INFO]: [STDOUT]: Loaded container: lne_wizards:wither_staff_terra
[18:14:38] [Server thread/INFO]: [STDOUT]: Loaded container: paladins:wooden_great_hammer
[18:14:38] [Server thread/INFO]: [STDOUT]: Loaded container: forcemaster_rpg:wooden_knuckle
[18:14:38] [Server thread/INFO]: [STDOUT]: Loaded container: minecraft:wooden_sword
[18:14:38] [Server thread/INFO]: [STDOUT]: Loaded container: supplementaries:wrench
[18:14:38] [Server thread/INFO]: Encoded Weapon Attribute registry size (with package overhead): 15641 bytes (in 2 string chunks with the size of 10000)
[18:14:38] [Server thread/INFO]: [puffish_skills] Mod configuration loaded successfully!
[18:14:38] [Server thread/INFO]: [puffish_skills] Data pack `skill_tree_rpgs` loaded successfully!
[18:14:38] [Server thread/INFO]: [STDOUT]: Encoded SpellRegistry size (with package overhead): ??? bytes (in 5 string chunks with the size of 10000)
[18:14:38] [Server thread/INFO]: Starting minecraft server version 1.21.1
[18:14:38] [Server thread/INFO]: Loading properties
[18:14:38] [Server thread/INFO]: Default game type: SURVIVAL
[18:14:38] [Server thread/INFO]: Generating keypair
[18:14:38] [Server thread/INFO]: Starting Minecraft server on *:25565
[18:14:38] [Server thread/INFO]: Using epoll channel type
[18:14:39] [Server thread/WARN]: **** SERVER IS RUNNING IN OFFLINE/INSECURE MODE!
[18:14:39] [Server thread/WARN]: The server will make no attempt to authenticate usernames. Beware.
[18:14:39] [Server thread/WARN]: While this makes the game possible to play without internet access, it also opens up the ability for hackers to connect with any username they choose.
[18:14:39] [Server thread/WARN]: To change this, set "online-mode" to "true" in the server.properties file.
[18:14:39] [Server thread/INFO]: Preparing level "world"
[18:14:50] [Server thread/INFO]: Preparing start region for dimension minecraft:overworld
[18:14:52] [Worker-Main-3/INFO]: Preparing spawn area: 0%
[18:14:52] [Worker-Main-3/INFO]: Preparing spawn area: 0%
[18:14:52] [Worker-Main-3/INFO]: Preparing spawn area: 0%
[18:14:52] [Worker-Main-3/INFO]: Preparing spawn area: 0%
[18:14:52] [Worker-Main-3/INFO]: Preparing spawn area: 0%
[18:14:53] [Worker-Main-3/INFO]: Preparing spawn area: 0%
[18:14:53] [Worker-Main-1/INFO]: Preparing spawn area: 6%
[18:14:53] [Server thread/INFO]: Time elapsed: 3238 ms
[18:14:53] [Server thread/INFO]: Done (14.894s)! For help, type "help"
[18:14:53] [Server thread/INFO]: Loaded config for: connectivity.json
[18:14:53] [Server thread/INFO]: Loaded config for: smoothchunk.json
[18:14:53] [Server thread/INFO]: Registered thread Server thread
[18:14:54] [Server thread/INFO]: Start loading plugin from Balm: net.blay09.mods.balm.fabric.compat.hudinfo.FabricJadeModCompat
[18:14:54] [Server thread/INFO]: Start loading plugin from Global XP: bl4ckscor3.mod.globalxp.compat.JadeDataProvider
[18:14:54] [Server thread/INFO]: Start loading plugin from Jade: snownee.jade.addon.core.CorePlugin
[18:14:54] [Server thread/INFO]: Start loading plugin from Jade: snownee.jade.addon.vanilla.VanillaPlugin
[18:14:54] [Server thread/INFO]: Start loading plugin from Jade: snownee.jade.addon.universal.UniversalPlugin
[18:14:54] [Server thread/INFO]: Start loading plugin from Jade: snownee.jade.addon.access.AccessibilityPlugin
[18:14:54] [Server thread/INFO]: Start loading plugin from Jade: snownee.jade.addon.debug.DebugPlugin
[18:14:54] [Server thread/INFO]: Start loading plugin from Polymer (Core): eu.pb4.polymer.core.impl.client.compat.JadeCompatibility
[18:14:54] [Server thread/INFO]: Start loading plugin from Supplementaries: net.mehvahdjukaar.supplementaries.integration.JadeCompat
[18:14:54] [Server thread/INFO]: Start loading plugin from Waystones: net.blay09.mods.waystones.compat.JadeIntegration
[18:15:02] [Server thread/ERROR]: Tried to load invalid item: 'No key id in MapLike[{Slot:0,dropRule:"PUT_IN_GRAVE",visible:0b}]'
[18:15:02] [Server thread/ERROR]: Tried to load invalid item: 'No key id in MapLike[{Slot:0,dropRule:"PUT_IN_GRAVE",visible:0b}]'
[18:15:02] [Server thread/ERROR]: Tried to load invalid item: 'No key id in MapLike[{Slot:0,dropRule:"PUT_IN_GRAVE",visible:0b}]'
[18:15:02] [Server thread/ERROR]: Tried to load invalid item: 'No key id in MapLike[{Slot:0,dropRule:"PUT_IN_GRAVE",visible:0b}]'
[18:15:02] [Server thread/ERROR]: Tried to load invalid item: 'No key id in MapLike[{Slot:0,dropRule:"PUT_IN_GRAVE",visible:0b}]'
[18:15:02] [Server thread/ERROR]: Tried to load invalid item: 'No key id in MapLike[{Slot:0,dropRule:"PUT_IN_GRAVE",visible:0b}]'
[18:15:02] [Server thread/ERROR]: Tried to load invalid item: 'No key id in MapLike[{Slot:0,dropRule:"PUT_IN_GRAVE",visible:0b}]'
[18:15:02] [Server thread/ERROR]: Tried to load invalid item: 'No key id in MapLike[{Slot:0,dropRule:"PUT_IN_GRAVE",visible:0b}]'
[18:15:02] [Server thread/ERROR]: Tried to load invalid item: 'No key id in MapLike[{Slot:0,dropRule:"PUT_IN_GRAVE",visible:0b}]'
[18:15:02] [Server thread/ERROR]: Tried to load invalid item: 'No key id in MapLike[{Slot:0,dropRule:"PUT_IN_GRAVE",visible:0b}]'
[18:15:02] [Server thread/ERROR]: Tried to load invalid item: 'No key id in MapLike[{Slot:0,dropRule:"PUT_IN_GRAVE",visible:0b}]'
[18:15:02] [Server thread/ERROR]: Tried to load invalid item: 'No key id in MapLike[{Slot:0,dropRule:"PUT_IN_GRAVE",visible:0b}]'
[18:15:02] [Server thread/ERROR]: Tried to load invalid item: 'No key id in MapLike[{Slot:0,dropRule:"PUT_IN_GRAVE",visible:0b}]'
[18:15:02] [Server thread/ERROR]: Tried to load invalid item: 'No key id in MapLike[{Slot:0,dropRule:"PUT_IN_GRAVE",visible:0b}]'
[18:15:02] [Server thread/ERROR]: Tried to load invalid item: 'No key id in MapLike[{Slot:0,dropRule:"PUT_IN_GRAVE",visible:0b}]'
[18:15:02] [Server thread/ERROR]: Tried to load invalid item: 'No key id in MapLike[{Slot:0,dropRule:"PUT_IN_GRAVE",visible:0b}]'
[18:15:02] [Server thread/ERROR]: Tried to load invalid item: 'No key id in MapLike[{Slot:0,dropRule:"PUT_IN_GRAVE",visible:0b}]'
[18:15:02] [Server thread/ERROR]: Tried to load invalid item: 'No key id in MapLike[{Slot:0,dropRule:"PUT_IN_GRAVE",visible:0b}]'
[18:15:02] [Server thread/ERROR]: Tried to load invalid item: 'No key id in MapLike[{Slot:0,dropRule:"PUT_IN_GRAVE",visible:0b}]'
[18:15:02] [Server thread/ERROR]: Tried to load invalid item: 'No key id in MapLike[{Slot:0,dropRule:"PUT_IN_GRAVE",visible:0b}]'
[18:15:02] [Server thread/ERROR]: Tried to load invalid item: 'No key id in MapLike[{Slot:0,dropRule:"PUT_IN_GRAVE",visible:0b}]'
[18:15:02] [Server thread/ERROR]: Tried to load invalid item: 'No key id in MapLike[{Slot:0,dropRule:"PUT_IN_GRAVE",visible:0b}]'
[18:15:02] [Server thread/ERROR]: Tried to load invalid item: 'No key id in MapLike[{Slot:0,dropRule:"PUT_IN_GRAVE",visible:0b}]'
[18:15:02] [Server thread/ERROR]: Tried to load invalid item: 'No key id in MapLike[{Slot:0,dropRule:"PUT_IN_GRAVE",visible:0b}]'
[18:15:02] [Server thread/ERROR]: Tried to load invalid item: 'No key id in MapLike[{Slot:0,dropRule:"PUT_IN_GRAVE",visible:0b}]'
[18:15:02] [Server thread/ERROR]: Tried to load invalid item: 'No key id in MapLike[{Slot:0,dropRule:"PUT_IN_GRAVE",visible:0b}]'
[18:15:02] [Server thread/ERROR]: Tried to load invalid item: 'No key id in MapLike[{Slot:0,dropRule:"PUT_IN_GRAVE",visible:0b}]'
[18:15:02] [Server thread/ERROR]: Tried to load invalid item: 'No key id in MapLike[{Slot:0,dropRule:"PUT_IN_GRAVE",visible:0b}]'
[18:15:02] [Server thread/ERROR]: Tried to load invalid item: 'No key id in MapLike[{Slot:0,dropRule:"PUT_IN_GRAVE",visible:0b}]'
[18:15:02] [Server thread/ERROR]: Tried to load invalid item: 'No key id in MapLike[{Slot:0,dropRule:"PUT_IN_GRAVE",visible:0b}]'
[18:15:02] [Server thread/ERROR]: Tried to load invalid item: 'No key id in MapLike[{Slot:0,dropRule:"PUT_IN_GRAVE",visible:0b}]'
[18:15:02] [Server thread/ERROR]: Tried to load invalid item: 'No key id in MapLike[{Slot:0,dropRule:"PUT_IN_GRAVE",visible:0b}]'
[18:15:02] [Server thread/ERROR]: Tried to load invalid item: 'No key id in MapLike[{Slot:0,dropRule:"PUT_IN_GRAVE",visible:0b}]'
[18:15:02] [Server thread/ERROR]: Tried to load invalid item: 'No key id in MapLike[{Slot:0,dropRule:"PUT_IN_GRAVE",visible:0b}]'
[18:15:02] [Server thread/ERROR]: Tried to load invalid item: 'No key id in MapLike[{Slot:0,dropRule:"PUT_IN_GRAVE",visible:0b}]'
[18:15:02] [Server thread/ERROR]: Tried to load invalid item: 'No key id in MapLike[{Slot:0,dropRule:"PUT_IN_GRAVE",visible:0b}]'
[18:15:02] [Server thread/ERROR]: Tried to load invalid item: 'No key id in MapLike[{Slot:0,dropRule:"PUT_IN_GRAVE",visible:0b}]'
[18:15:02] [Server thread/ERROR]: Tried to load invalid item: 'No key id in MapLike[{Slot:0,dropRule:"PUT_IN_GRAVE",visible:0b}]'
[18:15:02] [Server thread/ERROR]: Tried to load invalid item: 'No key id in MapLike[{Slot:0,dropRule:"PUT_IN_GRAVE",visible:0b}]'
[18:15:02] [Server thread/ERROR]: Tried to load invalid item: 'No key id in MapLike[{Slot:0,dropRule:"PUT_IN_GRAVE",visible:0b}]'
[18:15:02] [Server thread/ERROR]: Tried to load invalid item: 'No key id in MapLike[{Slot:0,dropRule:"PUT_IN_GRAVE",visible:0b}]'
[18:15:02] [Server thread/ERROR]: Tried to load invalid item: 'No key id in MapLike[{Slot:0,dropRule:"PUT_IN_GRAVE",visible:0b}]'
[18:15:02] [Server thread/ERROR]: Tried to load invalid item: 'No key id in MapLike[{Slot:0,dropRule:"PUT_IN_GRAVE",visible:0b}]'
[18:15:02] [Server thread/ERROR]: Tried to load invalid item: 'No key id in MapLike[{Slot:0,dropRule:"PUT_IN_GRAVE",visible:0b}]'
[18:15:02] [Server thread/ERROR]: Tried to load invalid item: 'No key id in MapLike[{Slot:0,dropRule:"PUT_IN_GRAVE",visible:0b}]'
[18:15:02] [Server thread/ERROR]: Tried to load invalid item: 'No key id in MapLike[{Slot:0,dropRule:"PUT_IN_GRAVE",visible:0b}]'
[18:15:02] [Server thread/ERROR]: Tried to load invalid item: 'No key id in MapLike[{Slot:0,dropRule:"PUT_IN_GRAVE",visible:0b}]'
[18:15:02] [Server thread/ERROR]: Tried to load invalid item: 'No key id in MapLike[{Slot:0,dropRule:"PUT_IN_GRAVE",visible:0b}]'
[18:15:02] [Server thread/ERROR]: Tried to load invalid item: 'No key id in MapLike[{Slot:0,dropRule:"PUT_IN_GRAVE",visible:0b}]'
[18:15:02] [Server thread/ERROR]: Tried to load invalid item: 'No key id in MapLike[{Slot:0,dropRule:"PUT_IN_GRAVE",visible:0b}]'
[18:15:02] [Server thread/ERROR]: Tried to load invalid item: 'No key id in MapLike[{Slot:0,dropRule:"PUT_IN_GRAVE",visible:0b}]'
[18:15:02] [Server thread/ERROR]: Tried to load invalid item: 'No key id in MapLike[{Slot:0,dropRule:"PUT_IN_GRAVE",visible:0b}]'
[18:15:02] [Server thread/ERROR]: Tried to load invalid item: 'No key id in MapLike[{Slot:0,dropRule:"PUT_IN_GRAVE",visible:0b}]'
[18:15:02] [Server thread/ERROR]: Tried to load invalid item: 'No key id in MapLike[{Slot:0,dropRule:"PUT_IN_GRAVE",visible:0b}]'
[18:15:02] [Server thread/ERROR]: Tried to load invalid item: 'No key id in MapLike[{Slot:0,dropRule:"PUT_IN_GRAVE",visible:0b}]'
[18:15:02] [Server thread/ERROR]: Tried to load invalid item: 'No key id in MapLike[{Slot:0,dropRule:"PUT_IN_GRAVE",visible:0b}]'
[18:15:02] [Server thread/ERROR]: Tried to load invalid item: 'No key id in MapLike[{Slot:0,dropRule:"PUT_IN_GRAVE",visible:0b}]'
[18:15:02] [Server thread/ERROR]: Tried to load invalid item: 'No key id in MapLike[{Slot:0,dropRule:"PUT_IN_GRAVE",visible:0b}]'
[18:15:02] [Server thread/ERROR]: Tried to load invalid item: 'No key id in MapLike[{Slot:0,dropRule:"PUT_IN_GRAVE",visible:0b}]'
[18:15:02] [Server thread/ERROR]: Tried to load invalid item: 'No key id in MapLike[{Slot:0,dropRule:"PUT_IN_GRAVE",visible:0b}]'
[18:15:02] [Server thread/ERROR]: Tried to load invalid item: 'No key id in MapLike[{Slot:0,dropRule:"PUT_IN_GRAVE",visible:0b}]'
[18:15:02] [Server thread/ERROR]: Tried to load invalid item: 'No key id in MapLike[{Slot:0,dropRule:"PUT_IN_GRAVE",visible:0b}]'
[18:15:02] [Server thread/ERROR]: Tried to load invalid item: 'No key id in MapLike[{Slot:0,dropRule:"PUT_IN_GRAVE",visible:0b}]'
[18:15:02] [Server thread/ERROR]: Tried to load invalid item: 'No key id in MapLike[{Slot:0,dropRule:"PUT_IN_GRAVE",visible:0b}]'
[18:15:02] [Server thread/ERROR]: Tried to load invalid item: 'No key id in MapLike[{Slot:0,dropRule:"PUT_IN_GRAVE",visible:0b}]'
[18:15:02] [Server thread/ERROR]: Tried to load invalid item: 'No key id in MapLike[{Slot:0,dropRule:"PUT_IN_GRAVE",visible:0b}]'
[18:15:02] [Server thread/ERROR]: Tried to load invalid item: 'No key id in MapLike[{Slot:0,dropRule:"PUT_IN_GRAVE",visible:0b}]'
[18:15:02] [Server thread/ERROR]: Tried to load invalid item: 'No key id in MapLike[{Slot:0,dropRule:"PUT_IN_GRAVE",visible:0b}]'
[18:15:02] [Server thread/ERROR]: Tried to load invalid item: 'No key id in MapLike[{Slot:0,dropRule:"PUT_IN_GRAVE",visible:0b}]'
[18:15:02] [Server thread/ERROR]: Tried to load invalid item: 'No key id in MapLike[{Slot:0,dropRule:"PUT_IN_GRAVE",visible:0b}]'
[18:15:02] [Server thread/ERROR]: Tried to load invalid item: 'No key id in MapLike[{Slot:0,dropRule:"PUT_IN_GRAVE",visible:0b}]'
[18:15:02] [Server thread/ERROR]: Tried to load invalid item: 'No key id in MapLike[{Slot:0,dropRule:"PUT_IN_GRAVE",visible:0b}]'
[18:15:02] [Server thread/ERROR]: Tried to load invalid item: 'No key id in MapLike[{Slot:0,dropRule:"PUT_IN_GRAVE",visible:0b}]'
[18:15:02] [Server thread/ERROR]: Tried to load invalid item: 'No key id in MapLike[{Slot:0,dropRule:"PUT_IN_GRAVE",visible:0b}]'
[18:15:02] [Server thread/ERROR]: Tried to load invalid item: 'No key id in MapLike[{Slot:0,dropRule:"PUT_IN_GRAVE",visible:0b}]'
[18:15:02] [Server thread/ERROR]: Tried to load invalid item: 'No key id in MapLike[{Slot:0,dropRule:"PUT_IN_GRAVE",visible:0b}]'
[18:15:02] [Server thread/ERROR]: Tried to load invalid item: 'No key id in MapLike[{Slot:0,dropRule:"PUT_IN_GRAVE",visible:0b}]'
[18:15:02] [Server thread/ERROR]: Tried to load invalid item: 'No key id in MapLike[{Slot:0,dropRule:"PUT_IN_GRAVE",visible:0b}]'
[18:15:02] [Server thread/ERROR]: Tried to load invalid item: 'No key id in MapLike[{Slot:0,dropRule:"PUT_IN_GRAVE",visible:0b}]'
[18:15:02] [Server thread/ERROR]: Tried to load invalid item: 'No key id in MapLike[{Slot:0,dropRule:"PUT_IN_GRAVE",visible:0b}]'
[18:15:02] [Server thread/ERROR]: Tried to load invalid item: 'No key id in MapLike[{Slot:0,dropRule:"PUT_IN_GRAVE",visible:0b}]'
[18:15:02] [Server thread/ERROR]: Tried to load invalid item: 'No key id in MapLike[{Slot:0,dropRule:"PUT_IN_GRAVE",visible:0b}]'
[18:15:02] [Server thread/ERROR]: Tried to load invalid item: 'No key id in MapLike[{Slot:0,dropRule:"PUT_IN_GRAVE",visible:0b}]'
[18:15:02] [Server thread/ERROR]: Tried to load invalid item: 'No key id in MapLike[{Slot:0,dropRule:"PUT_IN_GRAVE",visible:0b}]'
[18:15:02] [Server thread/ERROR]: Tried to load invalid item: 'No key id in MapLike[{Slot:0,dropRule:"PUT_IN_GRAVE",visible:0b}]'
[18:15:02] [Server thread/ERROR]: Tried to load invalid item: 'No key id in MapLike[{Slot:0,dropRule:"PUT_IN_GRAVE",visible:0b}]'
[18:15:02] [Server thread/ERROR]: Tried to load invalid item: 'No key id in MapLike[{Slot:0,dropRule:"PUT_IN_GRAVE",visible:0b}]'
[18:15:02] [Server thread/ERROR]: Tried to load invalid item: 'No key id in MapLike[{Slot:0,dropRule:"PUT_IN_GRAVE",visible:0b}]'
[18:15:02] [Server thread/ERROR]: Tried to load invalid item: 'No key id in MapLike[{Slot:0,dropRule:"PUT_IN_GRAVE",visible:0b}]'
[18:15:02] [Server thread/ERROR]: Tried to load invalid item: 'No key id in MapLike[{Slot:0,dropRule:"PUT_IN_GRAVE",visible:0b}]'
[18:15:02] [Server thread/ERROR]: Tried to load invalid item: 'No key id in MapLike[{Slot:0,dropRule:"PUT_IN_GRAVE",visible:0b}]'
[18:15:02] [Server thread/ERROR]: Tried to load invalid item: 'No key id in MapLike[{Slot:0,dropRule:"PUT_IN_GRAVE",visible:0b}]'
[18:15:02] [Server thread/ERROR]: Tried to load invalid item: 'No key id in MapLike[{Slot:0,dropRule:"PUT_IN_GRAVE",visible:0b}]'
[18:15:02] [Server thread/ERROR]: Tried to load invalid item: 'No key id in MapLike[{Slot:0,dropRule:"PUT_IN_GRAVE",visible:0b}]'
[18:15:02] [Server thread/ERROR]: Tried to load invalid item: 'No key id in MapLike[{Slot:0,dropRule:"PUT_IN_GRAVE",visible:0b}]'
[18:15:02] [Server thread/ERROR]: Tried to load invalid item: 'No key id in MapLike[{Slot:0,dropRule:"PUT_IN_GRAVE",visible:0b}]'
[18:15:02] [Server thread/ERROR]: Tried to load invalid item: 'No key id in MapLike[{Slot:0,dropRule:"PUT_IN_GRAVE",visible:0b}]'
[18:15:02] [Server thread/ERROR]: Tried to load invalid item: 'No key id in MapLike[{Slot:0,dropRule:"PUT_IN_GRAVE",visible:0b}]'
[18:15:02] [Server thread/ERROR]: Tried to load invalid item: 'No key id in MapLike[{Slot:0,dropRule:"PUT_IN_GRAVE",visible:0b}]'
[18:15:02] [Server thread/ERROR]: Tried to load invalid item: 'No key id in MapLike[{Slot:0,dropRule:"PUT_IN_GRAVE",visible:0b}]'
[18:15:02] [Server thread/ERROR]: Tried to load invalid item: 'No key id in MapLike[{Slot:0,dropRule:"PUT_IN_GRAVE",visible:0b}]'
[18:15:02] [Server thread/ERROR]: Tried to load invalid item: 'No key id in MapLike[{Slot:0,dropRule:"PUT_IN_GRAVE",visible:0b}]'
[18:15:02] [Server thread/ERROR]: Tried to load invalid item: 'No key id in MapLike[{Slot:0,dropRule:"PUT_IN_GRAVE",visible:0b}]'
[18:15:02] [Server thread/ERROR]: Tried to load invalid item: 'No key id in MapLike[{Slot:0,dropRule:"PUT_IN_GRAVE",visible:0b}]'
[18:15:02] [Server thread/ERROR]: Tried to load invalid item: 'No key id in MapLike[{Slot:0,dropRule:"PUT_IN_GRAVE",visible:0b}]'
[18:15:02] [Server thread/INFO]: Changing maximum value for minecraft:generic.armor from 30.0 to 1000000.0.
[18:15:02] [Server thread/INFO]: Changing maximum value for minecraft:generic.armor_toughness from 20.0 to 1000000.0.
[18:15:02] [Server thread/INFO]: Changing maximum value for minecraft:generic.attack_damage from 2048.0 to 1000000.0.
[18:15:02] [Server thread/INFO]: Changing maximum value for minecraft:generic.attack_knockback from 5.0 to 1000000.0.
[18:15:02] [Server thread/INFO]: Changing maximum value for minecraft:generic.max_health from 1024.0 to 1000000.0.
[18:15:02] [Server thread/WARN]: Can't keep up! Is the server overloaded? Running 8344ms or 166 ticks behind
[18:15:02] [Server thread/INFO]: Loading data for 1645 chunks for filePath './world/chunk_activity_info/overworld.dat' took 38 milliseconds
[18:15:02] [Server thread/INFO]: Saving data for 1645 chunks for dimension 'overworld' took 28 milliseconds
[18:16:34] [Server thread/INFO]: Byakko4146[/10.242.222.233:59008] logged in with entity id 46 at (1029.2587499985152, 69.0, -1130.1128699026879)
[18:16:34] [Server thread/INFO]: Sending server config values to client
[18:16:34] [Server thread/INFO]: Loading config from file...
[18:16:34] [Server thread/INFO]: Byakko4146 joined the game
[18:16:36] [Server thread/INFO]: Channel update: Byakko4146 -> default
[18:16:36] [Server thread/INFO]: Priority overwritten for player Byakko4146. Claiming: GRAVE / Robbing: INVENTORY
[18:16:36] [Server thread/INFO]: Receiving client config
[18:17:21] [Server thread/INFO]: Byakko4146 has made the advancement [Expand functionality]
[18:20:02] [Server thread/INFO]: Saving data for 1645 chunks for dimension 'overworld' took 10 milliseconds
[18:22:13] [Server thread/INFO]: Byakko4146 has made the advancement [We Need to Go Deeper]
[18:22:16] [Server thread/WARN]: Can't keep up! Is the server overloaded? Running 5417ms or 108 ticks behind
[18:22:16] [Server thread/INFO]: [STDOUT]: No saved ChunkActivityMap found. Creating a new one!
[18:22:16] [Server thread/INFO]: Saving data for 0 chunks for dimension 'the_nether' took 1 milliseconds
[18:25:07] [Server thread/INFO]: Saving data for 1645 chunks for dimension 'overworld' took 12 milliseconds
[18:25:07] [Server thread/INFO]: Saving data for 17 chunks for dimension 'the_nether' took 1 milliseconds
[18:25:46] [Server thread/INFO]: [Byakko4146: Teleported Byakko4146 to 126.500000, 54.500000, -152.500000]
[18:30:07] [Server thread/INFO]: Saving data for 1645 chunks for dimension 'overworld' took 7 milliseconds
[18:30:07] [Server thread/INFO]: Saving data for 42 chunks for dimension 'the_nether' took 2 milliseconds
[18:33:42] [Server thread/INFO]: Byakko4146 has made the advancement [Those Were the Days]
[18:35:07] [Server thread/INFO]: Saving data for 1645 chunks for dimension 'overworld' took 11 milliseconds
[18:35:07] [Server thread/INFO]: Saving data for 60 chunks for dimension 'the_nether' took 1 milliseconds
[18:36:19] [Server thread/INFO]: Byakko4146 has made the advancement [War Pigs]
[18:38:37] [Server thread/INFO]: Byakko4146 has made the advancement [Who is Cutting Onions?]
[18:40:07] [Server thread/INFO]: Saving data for 1645 chunks for dimension 'overworld' took 6 milliseconds
[18:40:07] [Server thread/INFO]: Saving data for 61 chunks for dimension 'the_nether' took 1 milliseconds
[18:41:25] [Server thread/INFO]: Named entity class_5419['Samuel the Pit Master'/1415, l='ServerLevel[Mundo nuevo]', x=133.30, y=62.00, z=-403.30] died: Samuel the Pit Master was slain by Byakko4146
[18:45:07] [Server thread/INFO]: Saving data for 1645 chunks for dimension 'overworld' took 7 milliseconds
[18:45:07] [Server thread/INFO]: Saving data for 64 chunks for dimension 'the_nether' took 2 milliseconds
[18:47:29] [Server thread/INFO]: Byakko4146 was burned to a crisp while fighting Piglin
[18:47:29] [Server thread/INFO]: Created new backpack backup file for Byakko4146 with unique ID travelersbackpack.standard_16.11.2025-18.47.29.dat
[18:47:53] [Server thread/INFO]: [Byakko4146: Teleported Byakko4146 to 117.500000, 30.500000, -441.500000]
[18:47:55] [Server thread/INFO]: Byakko4146 tried to swim in lava
[18:47:55] [Server thread/INFO]: No grave backup generated (empty grave)
[18:48:54] [Server thread/INFO]: [Byakko4146: Teleported Byakko4146 to 117.500000, 30.500000, -441.500000]
[18:49:09] [Server thread/INFO]: Byakko4146 claimed a grave belonging to Byakko4146 at 118, 33, -442, minecraft:the_nether
[18:50:07] [Server thread/INFO]: Saving data for 1645 chunks for dimension 'overworld' took 6 milliseconds
[18:50:07] [Server thread/INFO]: Saving data for 64 chunks for dimension 'the_nether' took 0 milliseconds
[18:55:07] [Server thread/INFO]: Saving data for 1645 chunks for dimension 'overworld' took 6 milliseconds
[18:55:07] [Server thread/INFO]: Saving data for 73 chunks for dimension 'the_nether' took 1 milliseconds
[18:57:29] [Server thread/INFO]: Byakko4146 was slain by Piglin Brute
[18:57:29] [Server thread/INFO]: Created new backpack backup file for Byakko4146 with unique ID travelersbackpack.standard_16.11.2025-18.57.29.dat
[18:58:06] [Server thread/INFO]: [Byakko4146: Teleported Byakko4146 to 73.500000, 69.500000, -625.500000]
[18:58:08] [Server thread/INFO]: Byakko4146 claimed a grave belonging to Byakko4146 at 73, 70, -624, minecraft:the_nether
[19:00:07] [Server thread/INFO]: Saving data for 1645 chunks for dimension 'overworld' took 5 milliseconds
[19:00:07] [Server thread/INFO]: Saving data for 88 chunks for dimension 'the_nether' took 1 milliseconds
[19:00:13] [Server thread/INFO]: Byakko4146 was slain by Blaze
[19:00:13] [Server thread/INFO]: Created new backpack backup file for Byakko4146 with unique ID travelersbackpack.standard_16.11.2025-19.00.13.dat
[19:00:30] [Server thread/INFO]: [Byakko4146: Teleported Byakko4146 to 72.500000, 69.500000, -621.500000]
[19:00:31] [Server thread/INFO]: Byakko4146 claimed a grave belonging to Byakko4146 at 72, 69, -622, minecraft:the_nether
[19:00:37] [Server thread/INFO]: Byakko4146 was fireballed by Blaze
[19:00:37] [Server thread/INFO]: Created new backpack backup file for Byakko4146 with unique ID travelersbackpack.standard_16.11.2025-19.00.37.dat
[19:00:53] [Server thread/INFO]: [Byakko4146: Teleported Byakko4146 to 75.500000, 69.500000, -622.500000]
[19:00:54] [Server thread/INFO]: Byakko4146 claimed a grave belonging to Byakko4146 at 74, 69, -623, minecraft:the_nether
[19:01:03] [Server thread/INFO]: Byakko4146 has made the advancement [Into Fire]
[19:03:13] [Server thread/INFO]: [Byakko4146: Teleported Byakko4146 to 126.500000, 54.500000, -152.500000]
[19:05:07] [Server thread/INFO]: Saving data for 1645 chunks for dimension 'overworld' took 4 milliseconds
[19:05:07] [Server thread/INFO]: Saving data for 88 chunks for dimension 'the_nether' took 0 milliseconds
[19:10:07] [Server thread/INFO]: Saving data for 1645 chunks for dimension 'overworld' took 5 milliseconds
[19:10:07] [Server thread/INFO]: Saving data for 88 chunks for dimension 'the_nether' took 1 milliseconds
[19:15:07] [Server thread/INFO]: Saving data for 1645 chunks for dimension 'overworld' took 5 milliseconds
[19:15:07] [Server thread/INFO]: Saving data for 88 chunks for dimension 'the_nether' took 1 milliseconds
[19:16:09] [Server thread/INFO]: Byakko4146 has made the advancement [Diamond Tier Upgrade]
[19:20:07] [Server thread/INFO]: Saving data for 1645 chunks for dimension 'overworld' took 5 milliseconds
[19:20:07] [Server thread/INFO]: Saving data for 88 chunks for dimension 'the_nether' took 0 milliseconds
[19:21:05] [Server thread/WARN]: Can't keep up! Is the server overloaded? Running 2451ms or 49 ticks behind
[19:21:46] [Worker-Main-6/INFO]: CREATING AND INIT'ING MASTER CONTROLLER...
[19:22:13] [Server thread/INFO]: Byakko4146 has made the advancement [Path of Water]
[19:25:10] [Server thread/INFO]: Saving data for 1686 chunks for dimension 'overworld' took 14 milliseconds
[19:25:10] [Server thread/INFO]: Saving data for 88 chunks for dimension 'the_nether' took 1 milliseconds
[19:25:22] [Server thread/WARN]: Can't keep up! Is the server overloaded? Running 4717ms or 94 ticks behind
[19:25:27] [Worker-Main-6/WARN]: Empty height range: [30 absolute-20 absolute]
[19:25:31] [Worker-Main-8/WARN]: Ignoring unknown attribute 'forge:entity_gravity'
[19:25:31] [Worker-Main-8/WARN]: Ignoring unknown attribute 'forge:entity_gravity'
[19:25:31] [Worker-Main-8/WARN]: Ignoring unknown attribute 'forge:entity_gravity'
[19:25:31] [Worker-Main-8/WARN]: Ignoring unknown attribute 'forge:entity_gravity'
[19:25:31] [Worker-Main-8/WARN]: Ignoring unknown attribute 'forge:entity_gravity'
[19:25:35] [Worker-Main-6/WARN]: Ignoring unknown attribute 'forge:entity_gravity'
[19:25:35] [Worker-Main-6/WARN]: Ignoring unknown attribute 'forge:entity_gravity'
[19:25:35] [Worker-Main-6/WARN]: Ignoring unknown attribute 'forge:entity_gravity'
[19:25:35] [Worker-Main-6/WARN]: Ignoring unknown attribute 'forge:entity_gravity'
[19:25:35] [Worker-Main-6/WARN]: Ignoring unknown attribute 'forge:entity_gravity'
[19:25:35] [Worker-Main-6/WARN]: Ignoring unknown attribute 'forge:entity_gravity'
[19:26:42] [Worker-Main-6/WARN]: Ignoring unknown attribute 'forge:entity_gravity'
[19:26:42] [Worker-Main-6/WARN]: Ignoring unknown attribute 'forge:entity_gravity'
[19:26:42] [Worker-Main-6/WARN]: Ignoring unknown attribute 'forge:entity_gravity'
[19:26:42] [Worker-Main-6/WARN]: Ignoring unknown attribute 'forge:entity_gravity'
[19:26:42] [Worker-Main-6/WARN]: Ignoring unknown attribute 'forge:entity_gravity'
[19:26:45] [Worker-Main-6/WARN]: Ignoring unknown attribute 'forge:entity_gravity'
[19:26:45] [Worker-Main-6/WARN]: Ignoring unknown attribute 'forge:entity_gravity'
[19:26:47] [Server thread/WARN]: Can't keep up! Is the server overloaded? Running 2342ms or 46 ticks behind
[19:27:11] [Server thread/INFO]: Byakko4146 has made the advancement [Safe Haven]
[19:27:18] [Server thread/WARN]: Can't keep up! Is the server overloaded? Running 3367ms or 67 ticks behind
[19:30:20] [Server thread/INFO]: Saving data for 1721 chunks for dimension 'overworld' took 5 milliseconds
[19:30:20] [Server thread/INFO]: Saving data for 88 chunks for dimension 'the_nether' took 1 milliseconds
[19:35:20] [Server thread/INFO]: Saving data for 1726 chunks for dimension 'overworld' took 5 milliseconds
[19:35:20] [Server thread/INFO]: Saving data for 88 chunks for dimension 'the_nether' took 0 milliseconds
[19:40:20] [Server thread/INFO]: Saving data for 1726 chunks for dimension 'overworld' took 5 milliseconds
[19:40:20] [Server thread/INFO]: Saving data for 88 chunks for dimension 'the_nether' took 0 milliseconds
[19:41:14] [Worker-Main-8/ERROR]: Failed to parse either. First: Failed to parse either. First: Not a string: null; Second: Not a json array: null; Second: Not a JSON object: null; Failed to parse either. First: Failed to parse either. First: Not a string: null; Second: Not a json array: null; Second: Not a JSON object: null; Failed to parse either. First: Failed to parse either. First: Not a string: null; Second: Not a json array: null; Second: Not a JSON object: null; Failed to parse either. First: Failed to parse either. First: Not a string: null; Second: Not a json array: null; Second: Not a JSON object: null; Input is not a list of 4 elements
[19:41:14] [Worker-Main-8/ERROR]: Failed to parse either. First: Failed to parse either. First: Not a string: null; Second: Not a json array: null; Second: Not a JSON object: null; Failed to parse either. First: Failed to parse either. First: Not a string: null; Second: Not a json array: null; Second: Not a JSON object: null; Failed to parse either. First: Failed to parse either. First: Not a string: null; Second: Not a json array: null; Second: Not a JSON object: null; Failed to parse either. First: Failed to parse either. First: Not a string: null; Second: Not a json array: null; Second: Not a JSON object: null; Input is not a list of 4 elements
[19:41:14] [Worker-Main-8/ERROR]: Failed to parse either. First: Failed to parse either. First: Not a string: null; Second: Not a json array: null; Second: Not a JSON object: null; Failed to parse either. First: Failed to parse either. First: Not a string: null; Second: Not a json array: null; Second: Not a JSON object: null; Failed to parse either. First: Failed to parse either. First: Not a string: null; Second: Not a json array: null; Second: Not a JSON object: null; Failed to parse either. First: Failed to parse either. First: Not a string: null; Second: Not a json array: null; Second: Not a JSON object: null; Input is not a list of 4 elements
[19:41:14] [Worker-Main-8/ERROR]: Failed to parse either. First: Failed to parse either. First: Not a string: null; Second: Not a json array: null; Second: Not a JSON object: null; Failed to parse either. First: Failed to parse either. First: Not a string: null; Second: Not a json array: null; Second: Not a JSON object: null; Failed to parse either. First: Failed to parse either. First: Not a string: null; Second: Not a json array: null; Second: Not a JSON object: null; Failed to parse either. First: Failed to parse either. First: Not a string: null; Second: Not a json array: null; Second: Not a JSON object: null; Input is not a list of 4 elements
[19:41:14] [Worker-Main-8/ERROR]: Failed to parse either. First: Failed to parse either. First: Not a string: null; Second: Not a json array: null; Second: Not a JSON object: null; Failed to parse either. First: Failed to parse either. First: Not a string: null; Second: Not a json array: null; Second: Not a JSON object: null; Failed to parse either. First: Failed to parse either. First: Not a string: null; Second: Not a json array: null; Second: Not a JSON object: null; Failed to parse either. First: Failed to parse either. First: Not a string: null; Second: Not a json array: null; Second: Not a JSON object: null; Input is not a list of 4 elements
[19:41:14] [Worker-Main-8/ERROR]: Failed to parse either. First: Failed to parse either. First: Not a string: null; Second: Not a json array: null; Second: Not a JSON object: null; Failed to parse either. First: Failed to parse either. First: Not a string: null; Second: Not a json array: null; Second: Not a JSON object: null; Failed to parse either. First: Failed to parse either. First: Not a string: null; Second: Not a json array: null; Second: Not a JSON object: null; Failed to parse either. First: Failed to parse either. First: Not a string: null; Second: Not a json array: null; Second: Not a JSON object: null; Input is not a list of 4 elements
[19:41:14] [Worker-Main-8/ERROR]: Failed to parse either. First: Failed to parse either. First: Not a string: null; Second: Not a json array: null; Second: Not a JSON object: null; Failed to parse either. First: Failed to parse either. First: Not a string: null; Second: Not a json array: null; Second: Not a JSON object: null; Failed to parse either. First: Failed to parse either. First: Not a string: null; Second: Not a json array: null; Second: Not a JSON object: null; Failed to parse either. First: Failed to parse either. First: Not a string: null; Second: Not a json array: null; Second: Not a JSON object: null; Input is not a list of 4 elements
[19:41:14] [Worker-Main-8/ERROR]: Failed to parse either. First: Failed to parse either. First: Not a string: null; Second: Not a json array: null; Second: Not a JSON object: null; Failed to parse either. First: Failed to parse either. First: Not a string: null; Second: Not a json array: null; Second: Not a JSON object: null; Failed to parse either. First: Failed to parse either. First: Not a string: null; Second: Not a json array: null; Second: Not a JSON object: null; Failed to parse either. First: Failed to parse either. First: Not a string: null; Second: Not a json array: null; Second: Not a JSON object: null; Input is not a list of 4 elements
[19:41:14] [Worker-Main-8/ERROR]: Failed to parse either. First: Failed to parse either. First: Not a string: null; Second: Not a json array: null; Second: Not a JSON object: null; Failed to parse either. First: Failed to parse either. First: Not a string: null; Second: Not a json array: null; Second: Not a JSON object: null; Failed to parse either. First: Failed to parse either. First: Not a string: null; Second: Not a json array: null; Second: Not a JSON object: null; Failed to parse either. First: Failed to parse either. First: Not a string: null; Second: Not a json array: null; Second: Not a JSON object: null; Input is not a list of 4 elements
[19:41:14] [Worker-Main-8/ERROR]: Failed to parse either. First: Failed to parse either. First: Not a string: null; Second: Not a json array: null; Second: Not a JSON object: null; Failed to parse either. First: Failed to parse either. First: Not a string: null; Second: Not a json array: null; Second: Not a JSON object: null; Failed to parse either. First: Failed to parse either. First: Not a string: null; Second: Not a json array: null; Second: Not a JSON object: null; Failed to parse either. First: Failed to parse either. First: Not a string: null; Second: Not a json array: null; Second: Not a JSON object: null; Input is not a list of 4 elements
[19:41:14] [Worker-Main-8/ERROR]: Failed to parse either. First: Failed to parse either. First: Not a string: null; Second: Not a json array: null; Second: Not a JSON object: null; Failed to parse either. First: Failed to parse either. First: Not a string: null; Second: Not a json array: null; Second: Not a JSON object: null; Failed to parse either. First: Failed to parse either. First: Not a string: null; Second: Not a json array: null; Second: Not a JSON object: null; Failed to parse either. First: Failed to parse either. First: Not a string: null; Second: Not a json array: null; Second: Not a JSON object: null; Input is not a list of 4 elements
[19:41:14] [Worker-Main-8/ERROR]: Failed to parse either. First: Failed to parse either. First: Not a string: null; Second: Not a json array: null; Second: Not a JSON object: null; Failed to parse either. First: Failed to parse either. First: Not a string: null; Second: Not a json array: null; Second: Not a JSON object: null; Failed to parse either. First: Failed to parse either. First: Not a string: null; Second: Not a json array: null; Second: Not a JSON object: null; Failed to parse either. First: Failed to parse either. First: Not a string: null; Second: Not a json array: null; Second: Not a JSON object: null; Input is not a list of 4 elements
[19:41:14] [Worker-Main-8/ERROR]: Failed to parse either. First: Failed to parse either. First: Not a string: null; Second: Not a json array: null; Second: Not a JSON object: null; Failed to parse either. First: Failed to parse either. First: Not a string: null; Second: Not a json array: null; Second: Not a JSON object: null; Failed to parse either. First: Failed to parse either. First: Not a string: null; Second: Not a json array: null; Second: Not a JSON object: null; Failed to parse either. First: Failed to parse either. First: Not a string: null; Second: Not a json array: null; Second: Not a JSON object: null; Input is not a list of 4 elements
[19:41:14] [Worker-Main-8/ERROR]: Failed to parse either. First: Failed to parse either. First: Not a string: null; Second: Not a json array: null; Second: Not a JSON object: null; Failed to parse either. First: Failed to parse either. First: Not a string: null; Second: Not a json array: null; Second: Not a JSON object: null; Failed to parse either. First: Failed to parse either. First: Not a string: null; Second: Not a json array: null; Second: Not a JSON object: null; Failed to parse either. First: Failed to parse either. First: Not a string: null; Second: Not a json array: null; Second: Not a JSON object: null; Input is not a list of 4 elements
[19:41:14] [Worker-Main-8/ERROR]: Failed to parse either. First: Failed to parse either. First: Not a string: null; Second: Not a json array: null; Second: Not a JSON object: null; Failed to parse either. First: Failed to parse either. First: Not a string: null; Second: Not a json array: null; Second: Not a JSON object: null; Failed to parse either. First: Failed to parse either. First: Not a string: null; Second: Not a json array: null; Second: Not a JSON object: null; Failed to parse either. First: Failed to parse either. First: Not a string: null; Second: Not a json array: null; Second: Not a JSON object: null; Input is not a list of 4 elements
[19:41:14] [Worker-Main-8/ERROR]: Failed to parse either. First: Failed to parse either. First: Not a string: null; Second: Not a json array: null; Second: Not a JSON object: null; Failed to parse either. First: Failed to parse either. First: Not a string: null; Second: Not a json array: null; Second: Not a JSON object: null; Failed to parse either. First: Failed to parse either. First: Not a string: null; Second: Not a json array: null; Second: Not a JSON object: null; Failed to parse either. First: Failed to parse either. First: Not a string: null; Second: Not a json array: null; Second: Not a JSON object: null; Input is not a list of 4 elements
[19:41:14] [Worker-Main-8/ERROR]: Failed to parse either. First: Failed to parse either. First: Not a string: null; Second: Not a json array: null; Second: Not a JSON object: null; Failed to parse either. First: Failed to parse either. First: Not a string: null; Second: Not a json array: null; Second: Not a JSON object: null; Failed to parse either. First: Failed to parse either. First: Not a string: null; Second: Not a json array: null; Second: Not a JSON object: null; Failed to parse either. First: Failed to parse either. First: Not a string: null; Second: Not a json array: null; Second: Not a JSON object: null; Input is not a list of 4 elements
[19:41:14] [Worker-Main-8/ERROR]: Failed to parse either. First: Failed to parse either. First: Not a string: null; Second: Not a json array: null; Second: Not a JSON object: null; Failed to parse either. First: Failed to parse either. First: Not a string: null; Second: Not a json array: null; Second: Not a JSON object: null; Failed to parse either. First: Failed to parse either. First: Not a string: null; Second: Not a json array: null; Second: Not a JSON object: null; Failed to parse either. First: Failed to parse either. First: Not a string: null; Second: Not a json array: null; Second: Not a JSON object: null; Input is not a list of 4 elements
[19:41:14] [Worker-Main-8/ERROR]: Failed to parse either. First: Failed to parse either. First: Not a string: null; Second: Not a json array: null; Second: Not a JSON object: null; Failed to parse either. First: Failed to parse either. First: Not a string: null; Second: Not a json array: null; Second: Not a JSON object: null; Failed to parse either. First: Failed to parse either. First: Not a string: null; Second: Not a json array: null; Second: Not a JSON object: null; Failed to parse either. First: Failed to parse either. First: Not a string: null; Second: Not a json array: null; Second: Not a JSON object: null; Input is not a list of 4 elements
[19:41:14] [Worker-Main-8/ERROR]: Failed to parse either. First: Failed to parse either. First: Not a string: null; Second: Not a json array: null; Second: Not a JSON object: null; Failed to parse either. First: Failed to parse either. First: Not a string: null; Second: Not a json array: null; Second: Not a JSON object: null; Failed to parse either. First: Failed to parse either. First: Not a string: null; Second: Not a json array: null; Second: Not a JSON object: null; Failed to parse either. First: Failed to parse either. First: Not a string: null; Second: Not a json array: null; Second: Not a JSON object: null; Input is not a list of 4 elements
[19:41:14] [Worker-Main-8/ERROR]: Failed to parse either. First: Failed to parse either. First: Not a string: null; Second: Not a json array: null; Second: Not a JSON object: null; Failed to parse either. First: Failed to parse either. First: Not a string: null; Second: Not a json array: null; Second: Not a JSON object: null; Failed to parse either. First: Failed to parse either. First: Not a string: null; Second: Not a json array: null; Second: Not a JSON object: null; Failed to parse either. First: Failed to parse either. First: Not a string: null; Second: Not a json array: null; Second: Not a JSON object: null; Input is not a list of 4 elements
[19:41:14] [Worker-Main-8/ERROR]: Failed to parse either. First: Failed to parse either. First: Not a string: null; Second: Not a json array: null; Second: Not a JSON object: null; Failed to parse either. First: Failed to parse either. First: Not a string: null; Second: Not a json array: null; Second: Not a JSON object: null; Failed to parse either. First: Failed to parse either. First: Not a string: null; Second: Not a json array: null; Second: Not a JSON object: null; Failed to parse either. First: Failed to parse either. First: Not a string: null; Second: Not a json array: null; Second: Not a JSON object: null; Input is not a list of 4 elements
[19:41:14] [Worker-Main-8/ERROR]: Failed to parse either. First: Failed to parse either. First: Not a string: null; Second: Not a json array: null; Second: Not a JSON object: null; Failed to parse either. First: Failed to parse either. First: Not a string: null; Second: Not a json array: null; Second: Not a JSON object: null; Failed to parse either. First: Failed to parse either. First: Not a string: null; Second: Not a json array: null; Second: Not a JSON object: null; Failed to parse either. First: Failed to parse either. First: Not a string: null; Second: Not a json array: null; Second: Not a JSON object: null; Input is not a list of 4 elements
[19:41:14] [Worker-Main-8/ERROR]: Failed to parse either. First: Failed to parse either. First: Not a string: null; Second: Not a json array: null; Second: Not a JSON object: null; Failed to parse either. First: Failed to parse either. First: Not a string: null; Second: Not a json array: null; Second: Not a JSON object: null; Failed to parse either. First: Failed to parse either. First: Not a string: null; Second: Not a json array: null; Second: Not a JSON object: null; Failed to parse either. First: Failed to parse either. First: Not a string: null; Second: Not a json array: null; Second: Not a JSON object: null; Input is not a list of 4 elements
[19:41:14] [Worker-Main-8/ERROR]: Failed to parse either. First: Failed to parse either. First: Not a string: null; Second: Not a json array: null; Second: Not a JSON object: null; Failed to parse either. First: Failed to parse either. First: Not a string: null; Second: Not a json array: null; Second: Not a JSON object: null; Failed to parse either. First: Failed to parse either. First: Not a string: null; Second: Not a json array: null; Second: Not a JSON object: null; Failed to parse either. First: Failed to parse either. First: Not a string: null; Second: Not a json array: null; Second: Not a JSON object: null; Input is not a list of 4 elements
[19:41:14] [Worker-Main-8/ERROR]: Failed to parse either. First: Failed to parse either. First: Not a string: null; Second: Not a json array: null; Second: Not a JSON object: null; Failed to parse either. First: Failed to parse either. First: Not a string: null; Second: Not a json array: null; Second: Not a JSON object: null; Failed to parse either. First: Failed to parse either. First: Not a string: null; Second: Not a json array: null; Second: Not a JSON object: null; Failed to parse either. First: Failed to parse either. First: Not a string: null; Second: Not a json array: null; Second: Not a JSON object: null; Input is not a list of 4 elements
[19:41:14] [Worker-Main-8/ERROR]: Failed to parse either. First: Failed to parse either. First: Not a string: null; Second: Not a json array: null; Second: Not a JSON object: null; Failed to parse either. First: Failed to parse either. First: Not a string: null; Second: Not a json array: null; Second: Not a JSON object: null; Failed to parse either. First: Failed to parse either. First: Not a string: null; Second: Not a json array: null; Second: Not a JSON object: null; Failed to parse either. First: Failed to parse either. First: Not a string: null; Second: Not a json array: null; Second: Not a JSON object: null; Input is not a list of 4 elements
[19:41:14] [Worker-Main-8/ERROR]: Failed to parse either. First: Failed to parse either. First: Not a string: null; Second: Not a json array: null; Second: Not a JSON object: null; Failed to parse either. First: Failed to parse either. First: Not a string: null; Second: Not a json array: null; Second: Not a JSON object: null; Failed to parse either. First: Failed to parse either. First: Not a string: null; Second: Not a json array: null; Second: Not a JSON object: null; Failed to parse either. First: Failed to parse either. First: Not a string: null; Second: Not a json array: null; Second: Not a JSON object: null; Input is not a list of 4 elements
[19:41:14] [Worker-Main-8/ERROR]: Failed to parse either. First: Failed to parse either. First: Not a string: null; Second: Not a json array: null; Second: Not a JSON object: null; Failed to parse either. First: Failed to parse either. First: Not a string: null; Second: Not a json array: null; Second: Not a JSON object: null; Failed to parse either. First: Failed to parse either. First: Not a string: null; Second: Not a json array: null; Second: Not a JSON object: null; Failed to parse either. First: Failed to parse either. First: Not a string: null; Second: Not a json array: null; Second: Not a JSON object: null; Input is not a list of 4 elements
[19:41:14] [Worker-Main-8/ERROR]: Failed to parse either. First: Failed to parse either. First: Not a string: null; Second: Not a json array: null; Second: Not a JSON object: null; Failed to parse either. First: Failed to parse either. First: Not a string: null; Second: Not a json array: null; Second: Not a JSON object: null; Failed to parse either. First: Failed to parse either. First: Not a string: null; Second: Not a json array: null; Second: Not a JSON object: null; Failed to parse either. First: Failed to parse either. First: Not a string: null; Second: Not a json array: null; Second: Not a JSON object: null; Input is not a list of 4 elements
[19:41:14] [Worker-Main-8/ERROR]: Failed to parse either. First: Failed to parse either. First: Not a string: null; Second: Not a json array: null; Second: Not a JSON object: null; Failed to parse either. First: Failed to parse either. First: Not a string: null; Second: Not a json array: null; Second: Not a JSON object: null; Failed to parse either. First: Failed to parse either. First: Not a string: null; Second: Not a json array: null; Second: Not a JSON object: null; Failed to parse either. First: Failed to parse either. First: Not a string: null; Second: Not a json array: null; Second: Not a JSON object: null; Input is not a list of 4 elements
[19:41:14] [Worker-Main-8/ERROR]: Failed to parse either. First: Failed to parse either. First: Not a string: null; Second: Not a json array: null; Second: Not a JSON object: null; Failed to parse either. First: Failed to parse either. First: Not a string: null; Second: Not a json array: null; Second: Not a JSON object: null; Failed to parse either. First: Failed to parse either. First: Not a string: null; Second: Not a json array: null; Second: Not a JSON object: null; Failed to parse either. First: Failed to parse either. First: Not a string: null; Second: Not a json array: null; Second: Not a JSON object: null; Input is not a list of 4 elements
[19:41:14] [Worker-Main-8/ERROR]: Failed to parse either. First: Failed to parse either. First: Not a string: null; Second: Not a json array: null; Second: Not a JSON object: null; Failed to parse either. First: Failed to parse either. First: Not a string: null; Second: Not a json array: null; Second: Not a JSON object: null; Failed to parse either. First: Failed to parse either. First: Not a string: null; Second: Not a json array: null; Second: Not a JSON object: null; Failed to parse either. First: Failed to parse either. First: Not a string: null; Second: Not a json array: null; Second: Not a JSON object: null; Input is not a list of 4 elements
[19:41:14] [Worker-Main-8/ERROR]: Failed to parse either. First: Failed to parse either. First: Not a string: null; Second: Not a json array: null; Second: Not a JSON object: null; Failed to parse either. First: Failed to parse either. First: Not a string: null; Second: Not a json array: null; Second: Not a JSON object: null; Failed to parse either. First: Failed to parse either. First: Not a string: null; Second: Not a json array: null; Second: Not a JSON object: null; Failed to parse either. First: Failed to parse either. First: Not a string: null; Second: Not a json array: null; Second: Not a JSON object: null; Input is not a list of 4 elements
[19:41:14] [Worker-Main-8/ERROR]: Failed to parse either. First: Failed to parse either. First: Not a string: null; Second: Not a json array: null; Second: Not a JSON object: null; Failed to parse either. First: Failed to parse either. First: Not a string: null; Second: Not a json array: null; Second: Not a JSON object: null; Failed to parse either. First: Failed to parse either. First: Not a string: null; Second: Not a json array: null; Second: Not a JSON object: null; Failed to parse either. First: Failed to parse either. First: Not a string: null; Second: Not a json array: null; Second: Not a JSON object: null; Input is not a list of 4 elements
[19:41:14] [Worker-Main-8/ERROR]: Failed to parse either. First: Failed to parse either. First: Not a string: null; Second: Not a json array: null; Second: Not a JSON object: null; Failed to parse either. First: Failed to parse either. First: Not a string: null; Second: Not a json array: null; Second: Not a JSON object: null; Failed to parse either. First: Failed to parse either. First: Not a string: null; Second: Not a json array: null; Second: Not a JSON object: null; Failed to parse either. First: Failed to parse either. First: Not a string: null; Second: Not a json array: null; Second: Not a JSON object: null; Input is not a list of 4 elements
[19:41:14] [Worker-Main-8/ERROR]: Failed to parse either. First: Failed to parse either. First: Not a string: null; Second: Not a json array: null; Second: Not a JSON object: null; Failed to parse either. First: Failed to parse either. First: Not a string: null; Second: Not a json array: null; Second: Not a JSON object: null; Failed to parse either. First: Failed to parse either. First: Not a string: null; Second: Not a json array: null; Second: Not a JSON object: null; Failed to parse either. First: Failed to parse either. First: Not a string: null; Second: Not a json array: null; Second: Not a JSON object: null; Input is not a list of 4 elements
[19:41:14] [Worker-Main-8/ERROR]: Failed to parse either. First: Failed to parse either. First: Not a string: null; Second: Not a json array: null; Second: Not a JSON object: null; Failed to parse either. First: Failed to parse either. First: Not a string: null; Second: Not a json array: null; Second: Not a JSON object: null; Failed to parse either. First: Failed to parse either. First: Not a string: null; Second: Not a json array: null; Second: Not a JSON object: null; Failed to parse either. First: Failed to parse either. First: Not a string: null; Second: Not a json array: null; Second: Not a JSON object: null; Input is not a list of 4 elements
[19:41:14] [Worker-Main-8/ERROR]: Failed to parse either. First: Failed to parse either. First: Not a string: null; Second: Not a json array: null; Second: Not a JSON object: null; Failed to parse either. First: Failed to parse either. First: Not a string: null; Second: Not a json array: null; Second: Not a JSON object: null; Failed to parse either. First: Failed to parse either. First: Not a string: null; Second: Not a json array: null; Second: Not a JSON object: null; Failed to parse either. First: Failed to parse either. First: Not a string: null; Second: Not a json array: null; Second: Not a JSON object: null; Input is not a list of 4 elements
[19:41:14] [Worker-Main-8/ERROR]: Failed to parse either. First: Failed to parse either. First: Not a string: null; Second: Not a json array: null; Second: Not a JSON object: null; Failed to parse either. First: Failed to parse either. First: Not a string: null; Second: Not a json array: null; Second: Not a JSON object: null; Failed to parse either. First: Failed to parse either. First: Not a string: null; Second: Not a json array: null; Second: Not a JSON object: null; Failed to parse either. First: Failed to parse either. First: Not a string: null; Second: Not a json array: null; Second: Not a JSON object: null; Input is not a list of 4 elements
[19:41:14] [Worker-Main-8/ERROR]: Failed to parse either. First: Failed to parse either. First: Not a string: null; Second: Not a json array: null; Second: Not a JSON object: null; Failed to parse either. First: Failed to parse either. First: Not a string: null; Second: Not a json array: null; Second: Not a JSON object: null; Failed to parse either. First: Failed to parse either. First: Not a string: null; Second: Not a json array: null; Second: Not a JSON object: null; Failed to parse either. First: Failed to parse either. First: Not a string: null; Second: Not a json array: null; Second: Not a JSON object: null; Input is not a list of 4 elements
[19:41:14] [Worker-Main-8/ERROR]: Failed to parse either. First: Failed to parse either. First: Not a string: null; Second: Not a json array: null; Second: Not a JSON object: null; Failed to parse either. First: Failed to parse either. First: Not a string: null; Second: Not a json array: null; Second: Not a JSON object: null; Failed to parse either. First: Failed to parse either. First: Not a string: null; Second: Not a json array: null; Second: Not a JSON object: null; Failed to parse either. First: Failed to parse either. First: Not a string: null; Second: Not a json array: null; Second: Not a JSON object: null; Input is not a list of 4 elements
[19:41:14] [Worker-Main-8/ERROR]: Failed to parse either. First: Failed to parse either. First: Not a string: null; Second: Not a json array: null; Second: Not a JSON object: null; Failed to parse either. First: Failed to parse either. First: Not a string: null; Second: Not a json array: null; Second: Not a JSON object: null; Failed to parse either. First: Failed to parse either. First: Not a string: null; Second: Not a json array: null; Second: Not a JSON object: null; Failed to parse either. First: Failed to parse either. First: Not a string: null; Second: Not a json array: null; Second: Not a JSON object: null; Input is not a list of 4 elements
[19:41:14] [Worker-Main-8/ERROR]: Failed to parse either. First: Failed to parse either. First: Not a string: null; Second: Not a json array: null; Second: Not a JSON object: null; Failed to parse either. First: Failed to parse either. First: Not a string: null; Second: Not a json array: null; Second: Not a JSON object: null; Failed to parse either. First: Failed to parse either. First: Not a string: null; Second: Not a json array: null; Second: Not a JSON object: null; Failed to parse either. First: Failed to parse either. First: Not a string: null; Second: Not a json array: null; Second: Not a JSON object: null; Input is not a list of 4 elements
[19:42:33] [Worker-Main-8/ERROR]: Failed to parse either. First: Failed to parse either. First: Not a string: null; Second: Not a json array: null; Second: Not a JSON object: null; Failed to parse either. First: Failed to parse either. First: Not a string: null; Second: Not a json array: null; Second: Not a JSON object: null; Failed to parse either. First: Failed to parse either. First: Not a string: null; Second: Not a json array: null; Second: Not a JSON object: null; Failed to parse either. First: Failed to parse either. First: Not a string: null; Second: Not a json array: null; Second: Not a JSON object: null; Input is not a list of 4 elements
[19:42:33] [Worker-Main-8/ERROR]: Failed to parse either. First: Failed to parse either. First: Not a string: null; Second: Not a json array: null; Second: Not a JSON object: null; Failed to parse either. First: Failed to parse either. First: Not a string: null; Second: Not a json array: null; Second: Not a JSON object: null; Failed to parse either. First: Failed to parse either. First: Not a string: null; Second: Not a json array: null; Second: Not a JSON object: null; Failed to parse either. First: Failed to parse either. First: Not a string: null; Second: Not a json array: null; Second: Not a JSON object: null; Input is not a list of 4 elements
[19:42:33] [Worker-Main-8/ERROR]: Failed to parse either. First: Failed to parse either. First: Not a string: null; Second: Not a json array: null; Second: Not a JSON object: null; Failed to parse either. First: Failed to parse either. First: Not a string: null; Second: Not a json array: null; Second: Not a JSON object: null; Failed to parse either. First: Failed to parse either. First: Not a string: null; Second: Not a json array: null; Second: Not a JSON object: null; Failed to parse either. First: Failed to parse either. First: Not a string: null; Second: Not a json array: null; Second: Not a JSON object: null; Input is not a list of 4 elements
[19:42:33] [Worker-Main-8/ERROR]: Failed to parse either. First: Failed to parse either. First: Not a string: null; Second: Not a json array: null; Second: Not a JSON object: null; Failed to parse either. First: Failed to parse either. First: Not a string: null; Second: Not a json array: null; Second: Not a JSON object: null; Failed to parse either. First: Failed to parse either. First: Not a string: null; Second: Not a json array: null; Second: Not a JSON object: null; Failed to parse either. First: Failed to parse either. First: Not a string: null; Second: Not a json array: null; Second: Not a JSON object: null; Input is not a list of 4 elements
[19:42:33] [Worker-Main-8/ERROR]: Failed to parse either. First: Failed to parse either. First: Not a string: null; Second: Not a json array: null; Second: Not a JSON object: null; Failed to parse either. First: Failed to parse either. First: Not a string: null; Second: Not a json array: null; Second: Not a JSON object: null; Failed to parse either. First: Failed to parse either. First: Not a string: null; Second: Not a json array: null; Second: Not a JSON object: null; Failed to parse either. First: Failed to parse either. First: Not a string: null; Second: Not a json array: null; Second: Not a JSON object: null; Input is not a list of 4 elements
[19:42:33] [Worker-Main-8/ERROR]: Failed to parse either. First: Failed to parse either. First: Not a string: null; Second: Not a json array: null; Second: Not a JSON object: null; Failed to parse either. First: Failed to parse either. First: Not a string: null; Second: Not a json array: null; Second: Not a JSON object: null; Failed to parse either. First: Failed to parse either. First: Not a string: null; Second: Not a json array: null; Second: Not a JSON object: null; Failed to parse either. First: Failed to parse either. First: Not a string: null; Second: Not a json array: null; Second: Not a JSON object: null; Input is not a list of 4 elements
[19:42:33] [Worker-Main-8/ERROR]: Failed to parse either. First: Failed to parse either. First: Not a string: null; Second: Not a json array: null; Second: Not a JSON object: null; Failed to parse either. First: Failed to parse either. First: Not a string: null; Second: Not a json array: null; Second: Not a JSON object: null; Failed to parse either. First: Failed to parse either. First: Not a string: null; Second: Not a json array: null; Second: Not a JSON object: null; Failed to parse either. First: Failed to parse either. First: Not a string: null; Second: Not a json array: null; Second: Not a JSON object: null; Input is not a list of 4 elements
[19:42:33] [Worker-Main-8/ERROR]: Failed to parse either. First: Failed to parse either. First: Not a string: null; Second: Not a json array: null; Second: Not a JSON object: null; Failed to parse either. First: Failed to parse either. First: Not a string: null; Second: Not a json array: null; Second: Not a JSON object: null; Failed to parse either. First: Failed to parse either. First: Not a string: null; Second: Not a json array: null; Second: Not a JSON object: null; Failed to parse either. First: Failed to parse either. First: Not a string: null; Second: Not a json array: null; Second: Not a JSON object: null; Input is not a list of 4 elements
[19:42:33] [Worker-Main-8/ERROR]: Failed to parse either. First: Failed to parse either. First: Not a string: null; Second: Not a json array: null; Second: Not a JSON object: null; Failed to parse either. First: Failed to parse either. First: Not a string: null; Second: Not a json array: null; Second: Not a JSON object: null; Failed to parse either. First: Failed to parse either. First: Not a string: null; Second: Not a json array: null; Second: Not a JSON object: null; Failed to parse either. First: Failed to parse either. First: Not a string: null; Second: Not a json array: null; Second: Not a JSON object: null; Input is not a list of 4 elements
[19:42:33] [Worker-Main-8/ERROR]: Failed to parse either. First: Failed to parse either. First: Not a string: null; Second: Not a json array: null; Second: Not a JSON object: null; Failed to parse either. First: Failed to parse either. First: Not a string: null; Second: Not a json array: null; Second: Not a JSON object: null; Failed to parse either. First: Failed to parse either. First: Not a string: null; Second: Not a json array: null; Second: Not a JSON object: null; Failed to parse either. First: Failed to parse either. First: Not a string: null; Second: Not a json array: null; Second: Not a JSON object: null; Input is not a list of 4 elements
[19:42:33] [Worker-Main-8/ERROR]: Failed to parse either. First: Failed to parse either. First: Not a string: null; Second: Not a json array: null; Second: Not a JSON object: null; Failed to parse either. First: Failed to parse either. First: Not a string: null; Second: Not a json array: null; Second: Not a JSON object: null; Failed to parse either. First: Failed to parse either. First: Not a string: null; Second: Not a json array: null; Second: Not a JSON object: null; Failed to parse either. First: Failed to parse either. First: Not a string: null; Second: Not a json array: null; Second: Not a JSON object: null; Input is not a list of 4 elements
[19:42:33] [Worker-Main-8/ERROR]: Failed to parse either. First: Failed to parse either. First: Not a string: null; Second: Not a json array: null; Second: Not a JSON object: null; Failed to parse either. First: Failed to parse either. First: Not a string: null; Second: Not a json array: null; Second: Not a JSON object: null; Failed to parse either. First: Failed to parse either. First: Not a string: null; Second: Not a json array: null; Second: Not a JSON object: null; Failed to parse either. First: Failed to parse either. First: Not a string: null; Second: Not a json array: null; Second: Not a JSON object: null; Input is not a list of 4 elements
[19:42:33] [Worker-Main-6/ERROR]: Failed to parse either. First: Failed to parse either. First: Not a string: null; Second: Not a json array: null; Second: Not a JSON object: null; Failed to parse either. First: Failed to parse either. First: Not a string: null; Second: Not a json array: null; Second: Not a JSON object: null; Failed to parse either. First: Failed to parse either. First: Not a string: null; Second: Not a json array: null; Second: Not a JSON object: null; Failed to parse either. First: Failed to parse either. First: Not a string: null; Second: Not a json array: null; Second: Not a JSON object: null; Input is not a list of 4 elements
[19:42:33] [Worker-Main-6/ERROR]: Failed to parse either. First: Failed to parse either. First: Not a string: null; Second: Not a json array: null; Second: Not a JSON object: null; Failed to parse either. First: Failed to parse either. First: Not a string: null; Second: Not a json array: null; Second: Not a JSON object: null; Failed to parse either. First: Failed to parse either. First: Not a string: null; Second: Not a json array: null; Second: Not a JSON object: null; Failed to parse either. First: Failed to parse either. First: Not a string: null; Second: Not a json array: null; Second: Not a JSON object: null; Input is not a list of 4 elements
[19:42:33] [Worker-Main-6/ERROR]: Failed to parse either. First: Failed to parse either. First: Not a string: null; Second: Not a json array: null; Second: Not a JSON object: null; Failed to parse either. First: Failed to parse either. First: Not a string: null; Second: Not a json array: null; Second: Not a JSON object: null; Failed to parse either. First: Failed to parse either. First: Not a string: null; Second: Not a json array: null; Second: Not a JSON object: null; Failed to parse either. First: Failed to parse either. First: Not a string: null; Second: Not a json array: null; Second: Not a JSON object: null; Input is not a list of 4 elements
[19:42:33] [Worker-Main-6/ERROR]: Failed to parse either. First: Failed to parse either. First: Not a string: null; Second: Not a json array: null; Second: Not a JSON object: null; Failed to parse either. First: Failed to parse either. First: Not a string: null; Second: Not a json array: null; Second: Not a JSON object: null; Failed to parse either. First: Failed to parse either. First: Not a string: null; Second: Not a json array: null; Second: Not a JSON object: null; Failed to parse either. First: Failed to parse either. First: Not a string: null; Second: Not a json array: null; Second: Not a JSON object: null; Input is not a list of 4 elements
[19:42:33] [Worker-Main-6/ERROR]: Failed to parse either. First: Failed to parse either. First: Not a string: null; Second: Not a json array: null; Second: Not a JSON object: null; Failed to parse either. First: Failed to parse either. First: Not a string: null; Second: Not a json array: null; Second: Not a JSON object: null; Failed to parse either. First: Failed to parse either. First: Not a string: null; Second: Not a json array: null; Second: Not a JSON object: null; Failed to parse either. First: Failed to parse either. First: Not a string: null; Second: Not a json array: null; Second: Not a JSON object: null; Input is not a list of 4 elements
[19:42:33] [Worker-Main-6/ERROR]: Failed to parse either. First: Failed to parse either. First: Not a string: null; Second: Not a json array: null; Second: Not a JSON object: null; Failed to parse either. First: Failed to parse either. First: Not a string: null; Second: Not a json array: null; Second: Not a JSON object: null; Failed to parse either. First: Failed to parse either. First: Not a string: null; Second: Not a json array: null; Second: Not a JSON object: null; Failed to parse either. First: Failed to parse either. First: Not a string: null; Second: Not a json array: null; Second: Not a JSON object: null; Input is not a list of 4 elements
[19:42:33] [Worker-Main-6/ERROR]: Failed to parse either. First: Failed to parse either. First: Not a string: null; Second: Not a json array: null; Second: Not a JSON object: null; Failed to parse either. First: Failed to parse either. First: Not a string: null; Second: Not a json array: null; Second: Not a JSON object: null; Failed to parse either. First: Failed to parse either. First: Not a string: null; Second: Not a json array: null; Second: Not a JSON object: null; Failed to parse either. First: Failed to parse either. First: Not a string: null; Second: Not a json array: null; Second: Not a JSON object: null; Input is not a list of 4 elements
[19:42:33] [Worker-Main-6/ERROR]: Failed to parse either. First: Failed to parse either. First: Not a string: null; Second: Not a json array: null; Second: Not a JSON object: null; Failed to parse either. First: Failed to parse either. First: Not a string: null; Second: Not a json array: null; Second: Not a JSON object: null; Failed to parse either. First: Failed to parse either. First: Not a string: null; Second: Not a json array: null; Second: Not a JSON object: null; Failed to parse either. First: Failed to parse either. First: Not a string: null; Second: Not a json array: null; Second: Not a JSON object: null; Input is not a list of 4 elements
[19:42:33] [Worker-Main-6/ERROR]: Failed to parse either. First: Failed to parse either. First: Not a string: null; Second: Not a json array: null; Second: Not a JSON object: null; Failed to parse either. First: Failed to parse either. First: Not a string: null; Second: Not a json array: null; Second: Not a JSON object: null; Failed to parse either. First: Failed to parse either. First: Not a string: null; Second: Not a json array: null; Second: Not a JSON object: null; Failed to parse either. First: Failed to parse either. First: Not a string: null; Second: Not a json array: null; Second: Not a JSON object: null; Input is not a list of 4 elements
[19:42:33] [Worker-Main-6/ERROR]: Failed to parse either. First: Failed to parse either. First: Not a string: null; Second: Not a json array: null; Second: Not a JSON object: null; Failed to parse either. First: Failed to parse either. First: Not a string: null; Second: Not a json array: null; Second: Not a JSON object: null; Failed to parse either. First: Failed to parse either. First: Not a string: null; Second: Not a json array: null; Second: Not a JSON object: null; Failed to parse either. First: Failed to parse either. First: Not a string: null; Second: Not a json array: null; Second: Not a JSON object: null; Input is not a list of 4 elements
[19:42:33] [Worker-Main-6/ERROR]: Failed to parse either. First: Failed to parse either. First: Not a string: null; Second: Not a json array: null; Second: Not a JSON object: null; Failed to parse either. First: Failed to parse either. First: Not a string: null; Second: Not a json array: null; Second: Not a JSON object: null; Failed to parse either. First: Failed to parse either. First: Not a string: null; Second: Not a json array: null; Second: Not a JSON object: null; Failed to parse either. First: Failed to parse either. First: Not a string: null; Second: Not a json array: null; Second: Not a JSON object: null; Input is not a list of 4 elements
[19:42:33] [Worker-Main-6/ERROR]: Failed to parse either. First: Failed to parse either. First: Not a string: null; Second: Not a json array: null; Second: Not a JSON object: null; Failed to parse either. First: Failed to parse either. First: Not a string: null; Second: Not a json array: null; Second: Not a JSON object: null; Failed to parse either. First: Failed to parse either. First: Not a string: null; Second: Not a json array: null; Second: Not a JSON object: null; Failed to parse either. First: Failed to parse either. First: Not a string: null; Second: Not a json array: null; Second: Not a JSON object: null; Input is not a list of 4 elements
[19:42:33] [Worker-Main-6/ERROR]: Failed to parse either. First: Failed to parse either. First: Not a string: null; Second: Not a json array: null; Second: Not a JSON object: null; Failed to parse either. First: Failed to parse either. First: Not a string: null; Second: Not a json array: null; Second: Not a JSON object: null; Failed to parse either. First: Failed to parse either. First: Not a string: null; Second: Not a json array: null; Second: Not a JSON object: null; Failed to parse either. First: Failed to parse either. First: Not a string: null; Second: Not a json array: null; Second: Not a JSON object: null; Input is not a list of 4 elements
[19:42:33] [Worker-Main-6/ERROR]: Failed to parse either. First: Failed to parse either. First: Not a string: null; Second: Not a json array: null; Second: Not a JSON object: null; Failed to parse either. First: Failed to parse either. First: Not a string: null; Second: Not a json array: null; Second: Not a JSON object: null; Failed to parse either. First: Failed to parse either. First: Not a string: null; Second: Not a json array: null; Second: Not a JSON object: null; Failed to parse either. First: Failed to parse either. First: Not a string: null; Second: Not a json array: null; Second: Not a JSON object: null; Input is not a list of 4 elements
[19:42:33] [Worker-Main-6/ERROR]: Failed to parse either. First: Failed to parse either. First: Not a string: null; Second: Not a json array: null; Second: Not a JSON object: null; Failed to parse either. First: Failed to parse either. First: Not a string: null; Second: Not a json array: null; Second: Not a JSON object: null; Failed to parse either. First: Failed to parse either. First: Not a string: null; Second: Not a json array: null; Second: Not a JSON object: null; Failed to parse either. First: Failed to parse either. First: Not a string: null; Second: Not a json array: null; Second: Not a JSON object: null; Input is not a list of 4 elements
[19:42:33] [Worker-Main-6/ERROR]: Failed to parse either. First: Failed to parse either. First: Not a string: null; Second: Not a json array: null; Second: Not a JSON object: null; Failed to parse either. First: Failed to parse either. First: Not a string: null; Second: Not a json array: null; Second: Not a JSON object: null; Failed to parse either. First: Failed to parse either. First: Not a string: null; Second: Not a json array: null; Second: Not a JSON object: null; Failed to parse either. First: Failed to parse either. First: Not a string: null; Second: Not a json array: null; Second: Not a JSON object: null; Input is not a list of 4 elements
[19:42:33] [Worker-Main-6/ERROR]: Failed to parse either. First: Failed to parse either. First: Not a string: null; Second: Not a json array: null; Second: Not a JSON object: null; Failed to parse either. First: Failed to parse either. First: Not a string: null; Second: Not a json array: null; Second: Not a JSON object: null; Failed to parse either. First: Failed to parse either. First: Not a string: null; Second: Not a json array: null; Second: Not a JSON object: null; Failed to parse either. First: Failed to parse either. First: Not a string: null; Second: Not a json array: null; Second: Not a JSON object: null; Input is not a list of 4 elements
[19:42:33] [Worker-Main-6/ERROR]: Failed to parse either. First: Failed to parse either. First: Not a string: null; Second: Not a json array: null; Second: Not a JSON object: null; Failed to parse either. First: Failed to parse either. First: Not a string: null; Second: Not a json array: null; Second: Not a JSON object: null; Failed to parse either. First: Failed to parse either. First: Not a string: null; Second: Not a json array: null; Second: Not a JSON object: null; Failed to parse either. First: Failed to parse either. First: Not a string: null; Second: Not a json array: null; Second: Not a JSON object: null; Input is not a list of 4 elements
[19:42:33] [Worker-Main-6/ERROR]: Failed to parse either. First: Failed to parse either. First: Not a string: null; Second: Not a json array: null; Second: Not a JSON object: null; Failed to parse either. First: Failed to parse either. First: Not a string: null; Second: Not a json array: null; Second: Not a JSON object: null; Failed to parse either. First: Failed to parse either. First: Not a string: null; Second: Not a json array: null; Second: Not a JSON object: null; Failed to parse either. First: Failed to parse either. First: Not a string: null; Second: Not a json array: null; Second: Not a JSON object: null; Input is not a list of 4 elements
[19:42:33] [Worker-Main-6/ERROR]: Failed to parse either. First: Failed to parse either. First: Not a string: null; Second: Not a json array: null; Second: Not a JSON object: null; Failed to parse either. First: Failed to parse either. First: Not a string: null; Second: Not a json array: null; Second: Not a JSON object: null; Failed to parse either. First: Failed to parse either. First: Not a string: null; Second: Not a json array: null; Second: Not a JSON object: null; Failed to parse either. First: Failed to parse either. First: Not a string: null; Second: Not a json array: null; Second: Not a JSON object: null; Input is not a list of 4 elements
[19:42:33] [Worker-Main-6/ERROR]: Failed to parse either. First: Failed to parse either. First: Not a string: null; Second: Not a json array: null; Second: Not a JSON object: null; Failed to parse either. First: Failed to parse either. First: Not a string: null; Second: Not a json array: null; Second: Not a JSON object: null; Failed to parse either. First: Failed to parse either. First: Not a string: null; Second: Not a json array: null; Second: Not a JSON object: null; Failed to parse either. First: Failed to parse either. First: Not a string: null; Second: Not a json array: null; Second: Not a JSON object: null; Input is not a list of 4 elements
[19:42:33] [Worker-Main-6/ERROR]: Failed to parse either. First: Failed to parse either. First: Not a string: null; Second: Not a json array: null; Second: Not a JSON object: null; Failed to parse either. First: Failed to parse either. First: Not a string: null; Second: Not a json array: null; Second: Not a JSON object: null; Failed to parse either. First: Failed to parse either. First: Not a string: null; Second: Not a json array: null; Second: Not a JSON object: null; Failed to parse either. First: Failed to parse either. First: Not a string: null; Second: Not a json array: null; Second: Not a JSON object: null; Input is not a list of 4 elements
[19:42:33] [Worker-Main-6/ERROR]: Failed to parse either. First: Failed to parse either. First: Not a string: null; Second: Not a json array: null; Second: Not a JSON object: null; Failed to parse either. First: Failed to parse either. First: Not a string: null; Second: Not a json array: null; Second: Not a JSON object: null; Failed to parse either. First: Failed to parse either. First: Not a string: null; Second: Not a json array: null; Second: Not a JSON object: null; Failed to parse either. First: Failed to parse either. First: Not a string: null; Second: Not a json array: null; Second: Not a JSON object: null; Input is not a list of 4 elements
[19:42:33] [Worker-Main-6/ERROR]: Failed to parse either. First: Failed to parse either. First: Not a string: null; Second: Not a json array: null; Second: Not a JSON object: null; Failed to parse either. First: Failed to parse either. First: Not a string: null; Second: Not a json array: null; Second: Not a JSON object: null; Failed to parse either. First: Failed to parse either. First: Not a string: null; Second: Not a json array: null; Second: Not a JSON object: null; Failed to parse either. First: Failed to parse either. First: Not a string: null; Second: Not a json array: null; Second: Not a JSON object: null; Input is not a list of 4 elements
[19:42:33] [Worker-Main-6/ERROR]: Failed to parse either. First: Failed to parse either. First: Not a string: null; Second: Not a json array: null; Second: Not a JSON object: null; Failed to parse either. First: Failed to parse either. First: Not a string: null; Second: Not a json array: null; Second: Not a JSON object: null; Failed to parse either. First: Failed to parse either. First: Not a string: null; Second: Not a json array: null; Second: Not a JSON object: null; Failed to parse either. First: Failed to parse either. First: Not a string: null; Second: Not a json array: null; Second: Not a JSON object: null; Input is not a list of 4 elements
[19:42:33] [Worker-Main-6/ERROR]: Failed to parse either. First: Failed to parse either. First: Not a string: null; Second: Not a json array: null; Second: Not a JSON object: null; Failed to parse either. First: Failed to parse either. First: Not a string: null; Second: Not a json array: null; Second: Not a JSON object: null; Failed to parse either. First: Failed to parse either. First: Not a string: null; Second: Not a json array: null; Second: Not a JSON object: null; Failed to parse either. First: Failed to parse either. First: Not a string: null; Second: Not a json array: null; Second: Not a JSON object: null; Input is not a list of 4 elements
[19:42:33] [Worker-Main-6/ERROR]: Failed to parse either. First: Failed to parse either. First: Not a string: null; Second: Not a json array: null; Second: Not a JSON object: null; Failed to parse either. First: Failed to parse either. First: Not a string: null; Second: Not a json array: null; Second: Not a JSON object: null; Failed to parse either. First: Failed to parse either. First: Not a string: null; Second: Not a json array: null; Second: Not a JSON object: null; Failed to parse either. First: Failed to parse either. First: Not a string: null; Second: Not a json array: null; Second: Not a JSON object: null; Input is not a list of 4 elements
[19:42:33] [Worker-Main-6/ERROR]: Failed to parse either. First: Failed to parse either. First: Not a string: null; Second: Not a json array: null; Second: Not a JSON object: null; Failed to parse either. First: Failed to parse either. First: Not a string: null; Second: Not a json array: null; Second: Not a JSON object: null; Failed to parse either. First: Failed to parse either. First: Not a string: null; Second: Not a json array: null; Second: Not a JSON object: null; Failed to parse either. First: Failed to parse either. First: Not a string: null; Second: Not a json array: null; Second: Not a JSON object: null; Input is not a list of 4 elements
[19:42:33] [Worker-Main-6/ERROR]: Failed to parse either. First: Failed to parse either. First: Not a string: null; Second: Not a json array: null; Second: Not a JSON object: null; Failed to parse either. First: Failed to parse either. First: Not a string: null; Second: Not a json array: null; Second: Not a JSON object: null; Failed to parse either. First: Failed to parse either. First: Not a string: null; Second: Not a json array: null; Second: Not a JSON object: null; Failed to parse either. First: Failed to parse either. First: Not a string: null; Second: Not a json array: null; Second: Not a JSON object: null; Input is not a list of 4 elements
[19:42:33] [Worker-Main-6/ERROR]: Failed to parse either. First: Failed to parse either. First: Not a string: null; Second: Not a json array: null; Second: Not a JSON object: null; Failed to parse either. First: Failed to parse either. First: Not a string: null; Second: Not a json array: null; Second: Not a JSON object: null; Failed to parse either. First: Failed to parse either. First: Not a string: null; Second: Not a json array: null; Second: Not a JSON object: null; Failed to parse either. First: Failed to parse either. First: Not a string: null; Second: Not a json array: null; Second: Not a JSON object: null; Input is not a list of 4 elements
[19:42:33] [Worker-Main-6/ERROR]: Failed to parse either. First: Failed to parse either. First: Not a string: null; Second: Not a json array: null; Second: Not a JSON object: null; Failed to parse either. First: Failed to parse either. First: Not a string: null; Second: Not a json array: null; Second: Not a JSON object: null; Failed to parse either. First: Failed to parse either. First: Not a string: null; Second: Not a json array: null; Second: Not a JSON object: null; Failed to parse either. First: Failed to parse either. First: Not a string: null; Second: Not a json array: null; Second: Not a JSON object: null; Input is not a list of 4 elements
[19:42:33] [Worker-Main-6/ERROR]: Failed to parse either. First: Failed to parse either. First: Not a string: null; Second: Not a json array: null; Second: Not a JSON object: null; Failed to parse either. First: Failed to parse either. First: Not a string: null; Second: Not a json array: null; Second: Not a JSON object: null; Failed to parse either. First: Failed to parse either. First: Not a string: null; Second: Not a json array: null; Second: Not a JSON object: null; Failed to parse either. First: Failed to parse either. First: Not a string: null; Second: Not a json array: null; Second: Not a JSON object: null; Input is not a list of 4 elements
[19:42:33] [Worker-Main-6/ERROR]: Failed to parse either. First: Failed to parse either. First: Not a string: null; Second: Not a json array: null; Second: Not a JSON object: null; Failed to parse either. First: Failed to parse either. First: Not a string: null; Second: Not a json array: null; Second: Not a JSON object: null; Failed to parse either. First: Failed to parse either. First: Not a string: null; Second: Not a json array: null; Second: Not a JSON object: null; Failed to parse either. First: Failed to parse either. First: Not a string: null; Second: Not a json array: null; Second: Not a JSON object: null; Input is not a list of 4 elements
[19:42:33] [Worker-Main-6/ERROR]: Failed to parse either. First: Failed to parse either. First: Not a string: null; Second: Not a json array: null; Second: Not a JSON object: null; Failed to parse either. First: Failed to parse either. First: Not a string: null; Second: Not a json array: null; Second: Not a JSON object: null; Failed to parse either. First: Failed to parse either. First: Not a string: null; Second: Not a json array: null; Second: Not a JSON object: null; Failed to parse either. First: Failed to parse either. First: Not a string: null; Second: Not a json array: null; Second: Not a JSON object: null; Input is not a list of 4 elements
[19:42:33] [Worker-Main-6/ERROR]: Failed to parse either. First: Failed to parse either. First: Not a string: null; Second: Not a json array: null; Second: Not a JSON object: null; Failed to parse either. First: Failed to parse either. First: Not a string: null; Second: Not a json array: null; Second: Not a JSON object: null; Failed to parse either. First: Failed to parse either. First: Not a string: null; Second: Not a json array: null; Second: Not a JSON object: null; Failed to parse either. First: Failed to parse either. First: Not a string: null; Second: Not a json array: null; Second: Not a JSON object: null; Input is not a list of 4 elements
[19:42:33] [Worker-Main-6/ERROR]: Failed to parse either. First: Failed to parse either. First: Not a string: null; Second: Not a json array: null; Second: Not a JSON object: null; Failed to parse either. First: Failed to parse either. First: Not a string: null; Second: Not a json array: null; Second: Not a JSON object: null; Failed to parse either. First: Failed to parse either. First: Not a string: null; Second: Not a json array: null; Second: Not a JSON object: null; Failed to parse either. First: Failed to parse either. First: Not a string: null; Second: Not a json array: null; Second: Not a JSON object: null; Input is not a list of 4 elements
[19:42:33] [Worker-Main-6/ERROR]: Failed to parse either. First: Failed to parse either. First: Not a string: null; Second: Not a json array: null; Second: Not a JSON object: null; Failed to parse either. First: Failed to parse either. First: Not a string: null; Second: Not a json array: null; Second: Not a JSON object: null; Failed to parse either. First: Failed to parse either. First: Not a string: null; Second: Not a json array: null; Second: Not a JSON object: null; Failed to parse either. First: Failed to parse either. First: Not a string: null; Second: Not a json array: null; Second: Not a JSON object: null; Input is not a list of 4 elements
[19:42:33] [Worker-Main-6/ERROR]: Failed to parse either. First: Failed to parse either. First: Not a string: null; Second: Not a json array: null; Second: Not a JSON object: null; Failed to parse either. First: Failed to parse either. First: Not a string: null; Second: Not a json array: null; Second: Not a JSON object: null; Failed to parse either. First: Failed to parse either. First: Not a string: null; Second: Not a json array: null; Second: Not a JSON object: null; Failed to parse either. First: Failed to parse either. First: Not a string: null; Second: Not a json array: null; Second: Not a JSON object: null; Input is not a list of 4 elements
[19:42:33] [Worker-Main-6/ERROR]: Failed to parse either. First: Failed to parse either. First: Not a string: null; Second: Not a json array: null; Second: Not a JSON object: null; Failed to parse either. First: Failed to parse either. First: Not a string: null; Second: Not a json array: null; Second: Not a JSON object: null; Failed to parse either. First: Failed to parse either. First: Not a string: null; Second: Not a json array: null; Second: Not a JSON object: null; Failed to parse either. First: Failed to parse either. First: Not a string: null; Second: Not a json array: null; Second: Not a JSON object: null; Input is not a list of 4 elements
[19:42:33] [Worker-Main-6/ERROR]: Failed to parse either. First: Failed to parse either. First: Not a string: null; Second: Not a json array: null; Second: Not a JSON object: null; Failed to parse either. First: Failed to parse either. First: Not a string: null; Second: Not a json array: null; Second: Not a JSON object: null; Failed to parse either. First: Failed to parse either. First: Not a string: null; Second: Not a json array: null; Second: Not a JSON object: null; Failed to parse either. First: Failed to parse either. First: Not a string: null; Second: Not a json array: null; Second: Not a JSON object: null; Input is not a list of 4 elements
[19:42:33] [Worker-Main-6/ERROR]: Failed to parse either. First: Failed to parse either. First: Not a string: null; Second: Not a json array: null; Second: Not a JSON object: null; Failed to parse either. First: Failed to parse either. First: Not a string: null; Second: Not a json array: null; Second: Not a JSON object: null; Failed to parse either. First: Failed to parse either. First: Not a string: null; Second: Not a json array: null; Second: Not a JSON object: null; Failed to parse either. First: Failed to parse either. First: Not a string: null; Second: Not a json array: null; Second: Not a JSON object: null; Input is not a list of 4 elements
[19:42:33] [Worker-Main-6/ERROR]: Failed to parse either. First: Failed to parse either. First: Not a string: null; Second: Not a json array: null; Second: Not a JSON object: null; Failed to parse either. First: Failed to parse either. First: Not a string: null; Second: Not a json array: null; Second: Not a JSON object: null; Failed to parse either. First: Failed to parse either. First: Not a string: null; Second: Not a json array: null; Second: Not a JSON object: null; Failed to parse either. First: Failed to parse either. First: Not a string: null; Second: Not a json array: null; Second: Not a JSON object: null; Input is not a list of 4 elements
[19:42:33] [Worker-Main-6/ERROR]: Failed to parse either. First: Failed to parse either. First: Not a string: null; Second: Not a json array: null; Second: Not a JSON object: null; Failed to parse either. First: Failed to parse either. First: Not a string: null; Second: Not a json array: null; Second: Not a JSON object: null; Failed to parse either. First: Failed to parse either. First: Not a string: null; Second: Not a json array: null; Second: Not a JSON object: null; Failed to parse either. First: Failed to parse either. First: Not a string: null; Second: Not a json array: null; Second: Not a JSON object: null; Input is not a list of 4 elements
[19:42:33] [Worker-Main-6/ERROR]: Failed to parse either. First: Failed to parse either. First: Not a string: null; Second: Not a json array: null; Second: Not a JSON object: null; Failed to parse either. First: Failed to parse either. First: Not a string: null; Second: Not a json array: null; Second: Not a JSON object: null; Failed to parse either. First: Failed to parse either. First: Not a string: null; Second: Not a json array: null; Second: Not a JSON object: null; Failed to parse either. First: Failed to parse either. First: Not a string: null; Second: Not a json array: null; Second: Not a JSON object: null; Input is not a list of 4 elements
[19:42:33] [Worker-Main-6/ERROR]: Failed to parse either. First: Failed to parse either. First: Not a string: null; Second: Not a json array: null; Second: Not a JSON object: null; Failed to parse either. First: Failed to parse either. First: Not a string: null; Second: Not a json array: null; Second: Not a JSON object: null; Failed to parse either. First: Failed to parse either. First: Not a string: null; Second: Not a json array: null; Second: Not a JSON object: null; Failed to parse either. First: Failed to parse either. First: Not a string: null; Second: Not a json array: null; Second: Not a JSON object: null; Input is not a list of 4 elements
[19:42:33] [Worker-Main-6/ERROR]: Failed to parse either. First: Failed to parse either. First: Not a string: null; Second: Not a json array: null; Second: Not a JSON object: null; Failed to parse either. First: Failed to parse either. First: Not a string: null; Second: Not a json array: null; Second: Not a JSON object: null; Failed to parse either. First: Failed to parse either. First: Not a string: null; Second: Not a json array: null; Second: Not a JSON object: null; Failed to parse either. First: Failed to parse either. First: Not a string: null; Second: Not a json array: null; Second: Not a JSON object: null; Input is not a list of 4 elements
[19:42:33] [Worker-Main-6/ERROR]: Failed to parse either. First: Failed to parse either. First: Not a string: null; Second: Not a json array: null; Second: Not a JSON object: null; Failed to parse either. First: Failed to parse either. First: Not a string: null; Second: Not a json array: null; Second: Not a JSON object: null; Failed to parse either. First: Failed to parse either. First: Not a string: null; Second: Not a json array: null; Second: Not a JSON object: null; Failed to parse either. First: Failed to parse either. First: Not a string: null; Second: Not a json array: null; Second: Not a JSON object: null; Input is not a list of 4 elements
[19:42:33] [Worker-Main-6/ERROR]: Failed to parse either. First: Failed to parse either. First: Not a string: null; Second: Not a json array: null; Second: Not a JSON object: null; Failed to parse either. First: Failed to parse either. First: Not a string: null; Second: Not a json array: null; Second: Not a JSON object: null; Failed to parse either. First: Failed to parse either. First: Not a string: null; Second: Not a json array: null; Second: Not a JSON object: null; Failed to parse either. First: Failed to parse either. First: Not a string: null; Second: Not a json array: null; Second: Not a JSON object: null; Input is not a list of 4 elements
[19:42:33] [Worker-Main-6/ERROR]: Failed to parse either. First: Failed to parse either. First: Not a string: null; Second: Not a json array: null; Second: Not a JSON object: null; Failed to parse either. First: Failed to parse either. First: Not a string: null; Second: Not a json array: null; Second: Not a JSON object: null; Failed to parse either. First: Failed to parse either. First: Not a string: null; Second: Not a json array: null; Second: Not a JSON object: null; Failed to parse either. First: Failed to parse either. First: Not a string: null; Second: Not a json array: null; Second: Not a JSON object: null; Input is not a list of 4 elements
[19:42:33] [Worker-Main-6/ERROR]: Failed to parse either. First: Failed to parse either. First: Not a string: null; Second: Not a json array: null; Second: Not a JSON object: null; Failed to parse either. First: Failed to parse either. First: Not a string: null; Second: Not a json array: null; Second: Not a JSON object: null; Failed to parse either. First: Failed to parse either. First: Not a string: null; Second: Not a json array: null; Second: Not a JSON object: null; Failed to parse either. First: Failed to parse either. First: Not a string: null; Second: Not a json array: null; Second: Not a JSON object: null; Input is not a list of 4 elements
[19:42:33] [Worker-Main-6/ERROR]: Failed to parse either. First: Failed to parse either. First: Not a string: null; Second: Not a json array: null; Second: Not a JSON object: null; Failed to parse either. First: Failed to parse either. First: Not a string: null; Second: Not a json array: null; Second: Not a JSON object: null; Failed to parse either. First: Failed to parse either. First: Not a string: null; Second: Not a json array: null; Second: Not a JSON object: null; Failed to parse either. First: Failed to parse either. First: Not a string: null; Second: Not a json array: null; Second: Not a JSON object: null; Input is not a list of 4 elements
[19:42:33] [Worker-Main-6/ERROR]: Failed to parse either. First: Failed to parse either. First: Not a string: null; Second: Not a json array: null; Second: Not a JSON object: null; Failed to parse either. First: Failed to parse either. First: Not a string: null; Second: Not a json array: null; Second: Not a JSON object: null; Failed to parse either. First: Failed to parse either. First: Not a string: null; Second: Not a json array: null; Second: Not a JSON object: null; Failed to parse either. First: Failed to parse either. First: Not a string: null; Second: Not a json array: null; Second: Not a JSON object: null; Input is not a list of 4 elements
[19:45:20] [Server thread/INFO]: Saving data for 1735 chunks for dimension 'overworld' took 6 milliseconds
[19:45:20] [Server thread/INFO]: Saving data for 88 chunks for dimension 'the_nether' took 0 milliseconds
[19:50:20] [Server thread/INFO]: Saving data for 1745 chunks for dimension 'overworld' took 7 milliseconds
[19:50:20] [Server thread/INFO]: Saving data for 88 chunks for dimension 'the_nether' took 1 milliseconds
[19:55:20] [Server thread/INFO]: Saving data for 1747 chunks for dimension 'overworld' took 5 milliseconds
[19:55:20] [Server thread/INFO]: Saving data for 88 chunks for dimension 'the_nether' took 1 milliseconds
[19:57:39] [Server thread/INFO]: Byakko4146 was slain by Zombie
[19:57:39] [Server thread/INFO]: Created new backpack backup file for Byakko4146 with unique ID travelersbackpack.standard_16.11.2025-19.57.39.dat
[19:57:39] [Server thread/ERROR]: Server handling Packets.C2S_AttackRequest - No current attack hand!
[19:57:39] [Server thread/ERROR]: Combo count: 4 is dual wielding: false
[19:57:39] [Server thread/ERROR]: Main-hand stack: 0 minecraft:air
[19:57:39] [Server thread/ERROR]: Off-hand stack: 0 minecraft:air
[19:57:39] [Server thread/ERROR]: Selected slot server: 0 | client: 0
[19:57:42] [Server thread/INFO]: [Byakko4146: Teleported Byakko4146 to 636.500000, 65.500000, -821.500000]
[19:57:43] [Server thread/INFO]: Byakko4146 claimed a grave belonging to Byakko4146 at 636, 65, -822, minecraft:overworld
[20:00:20] [Server thread/INFO]: Saving data for 1751 chunks for dimension 'overworld' took 4 milliseconds
[20:00:20] [Server thread/INFO]: Saving data for 88 chunks for dimension 'the_nether' took 1 milliseconds
